,World,2015,World,22.41,trillion,12,USD p/a,amount,https://www.cia.gov/library/publications/the-world-factbook/fields/2056.html
,United States,2015,US,2.849,trillion,12,USD p/a,amount,https://www.cia.gov/library/publications/the-world-factbook/fields/2056.html
,China,2015,CN,2.118,trillion,12,USD p/a,amount,https://www.cia.gov/library/publications/the-world-factbook/fields/2056.html
,Japan,2015,JP,1.739,trillion,12,USD p/a,amount,https://www.cia.gov/library/publications/the-world-factbook/fields/2056.html
,Germany,2015,DE,1.626,trillion,12,USD p/a,amount,https://www.cia.gov/library/publications/the-world-factbook/fields/2056.html
,France,2015,FR,1.41,trillion,12,USD p/a,amount,https://www.cia.gov/library/publications/the-world-factbook/fields/2056.html
,United Kingdom,2015,GB,1.023,trillion,12,USD p/a,amount,https://www.cia.gov/library/publications/the-world-factbook/fields/2056.html
,Italy,2015,IT,984,billion,9,USD p/a,amount,https://www.cia.gov/library/publications/the-world-factbook/fields/2056.html
,Brazil,2015,BR,851.1,billion,9,USD p/a,amount,https://www.cia.gov/library/publications/the-world-factbook/fields/2056.html
,Canada,2015,CA,687.8,billion,9,USD p/a,amount,https://www.cia.gov/library/publications/the-world-factbook/fields/2056.html
,Spain,2015,ES,505.1,billion,9,USD p/a,amount,https://www.cia.gov/library/publications/the-world-factbook/fields/2056.html
,Australia,2015,AU,494.3,billion,9,USD p/a,amount,https://www.cia.gov/library/publications/the-world-factbook/fields/2056.html
,Russia,2015,RU,439,billion,9,USD p/a,amount,https://www.cia.gov/library/publications/the-world-factbook/fields/2056.html
,Netherlands,2015,NL,315.5,billion,9,USD p/a,amount,https://www.cia.gov/library/publications/the-world-factbook/fields/2056.html
,Saudi Arabia,2015,SA,302.6,billion,9,USD p/a,amount,https://www.cia.gov/library/publications/the-world-factbook/fields/2056.html
,Korea South,2015,KR,296.1,billion,9,USD p/a,amount,https://www.cia.gov/library/publications/the-world-factbook/fields/2056.html
,Norway,2015,NO,292.8,billion,9,USD p/a,amount,https://www.cia.gov/library/publications/the-world-factbook/fields/2056.html
,Mexico,2015,MX,291.2,billion,9,USD p/a,amount,https://www.cia.gov/library/publications/the-world-factbook/fields/2056.html
,Sweden,2015,SE,283.5,billion,9,USD p/a,amount,https://www.cia.gov/library/publications/the-world-factbook/fields/2056.html
,Belgium,2015,BE,241.9,billion,9,USD p/a,amount,https://www.cia.gov/library/publications/the-world-factbook/fields/2056.html
,Switzerland,2015,CH,217.8,billion,9,USD p/a,amount,https://www.cia.gov/library/publications/the-world-factbook/fields/2056.html
,Austria,2015,AT,200,billion,9,USD p/a,amount,https://www.cia.gov/library/publications/the-world-factbook/fields/2056.html
,Turkey,2015,TR,190.4,billion,9,USD p/a,amount,https://www.cia.gov/library/publications/the-world-factbook/fields/2056.html
,Denmark,2015,DK,181.4,billion,9,USD p/a,amount,https://www.cia.gov/library/publications/the-world-factbook/fields/2056.html
,India,2015,IN,181.3,billion,9,USD p/a,amount,https://www.cia.gov/library/publications/the-world-factbook/fields/2056.html
,Finland,2015,FI,139.4,billion,9,USD p/a,amount,https://www.cia.gov/library/publications/the-world-factbook/fields/2056.html
,United Arab Emirates,2015,AE,138,billion,9,USD p/a,amount,https://www.cia.gov/library/publications/the-world-factbook/fields/2056.html
,Indonesia,2015,ID,137.5,billion,9,USD p/a,amount,https://www.cia.gov/library/publications/the-world-factbook/fields/2056.html
,Argentina,2015,AR,129.6,billion,9,USD p/a,amount,https://www.cia.gov/library/publications/the-world-factbook/fields/2056.html
,Kuwait,2015,KW,114.1,billion,9,USD p/a,amount,https://www.cia.gov/library/publications/the-world-factbook/fields/2056.html
,Israel,2015,IL,109.7,billion,9,USD p/a,amount,https://www.cia.gov/library/publications/the-world-factbook/fields/2056.html
,Colombia,2015,CO,107.4,billion,9,USD p/a,amount,https://www.cia.gov/library/publications/the-world-factbook/fields/2056.html
,Greece,2015,GR,106.2,billion,9,USD p/a,amount,https://www.cia.gov/library/publications/the-world-factbook/fields/2056.html
,Venezuela,2015,VE,103.4,billion,9,USD p/a,amount,https://www.cia.gov/library/publications/the-world-factbook/fields/2056.html
,Iraq,2015,IQ,99.52,billion,9,USD p/a,amount,https://www.cia.gov/library/publications/the-world-factbook/fields/2056.html
,Portugal,2015,PT,95.49,billion,9,USD p/a,amount,https://www.cia.gov/library/publications/the-world-factbook/fields/2056.html
,Poland,2015,PL,92.5,billion,9,USD p/a,amount,https://www.cia.gov/library/publications/the-world-factbook/fields/2056.html
,South Africa,2015,ZA,88.53,billion,9,USD p/a,amount,https://www.cia.gov/library/publications/the-world-factbook/fields/2056.html
,Thailand,2015,TH,80.91,billion,9,USD p/a,amount,https://www.cia.gov/library/publications/the-world-factbook/fields/2056.html
,Algeria,2015,DZ,80.55,billion,9,USD p/a,amount,https://www.cia.gov/library/publications/the-world-factbook/fields/2056.html
,Taiwan,2015,TW,78.24,billion,9,USD p/a,amount,https://www.cia.gov/library/publications/the-world-factbook/fields/2056.html
,Qatar,2015,QA,77.54,billion,9,USD p/a,amount,https://www.cia.gov/library/publications/the-world-factbook/fields/2056.html
,Ireland,2015,IE,75.32,billion,9,USD p/a,amount,https://www.cia.gov/library/publications/the-world-factbook/fields/2056.html
,New Zealand,2015,NZ,69.17,billion,9,USD p/a,amount,https://www.cia.gov/library/publications/the-world-factbook/fields/2056.html
,Malaysia,2015,MY,65.72,billion,9,USD p/a,amount,https://www.cia.gov/library/publications/the-world-factbook/fields/2056.html
,Hungary,2015,HU,62.24,billion,9,USD p/a,amount,https://www.cia.gov/library/publications/the-world-factbook/fields/2056.html
,Peru,2015,PE,60.95,billion,9,USD p/a,amount,https://www.cia.gov/library/publications/the-world-factbook/fields/2056.html
,Romania,2015,RO,60.11,billion,9,USD p/a,amount,https://www.cia.gov/library/publications/the-world-factbook/fields/2056.html
,Hong Kong,2015,HK,59.33,billion,9,USD p/a,amount,https://www.cia.gov/library/publications/the-world-factbook/fields/2056.html
,Chile,2015,CL,58.49,billion,9,USD p/a,amount,https://www.cia.gov/library/publications/the-world-factbook/fields/2056.html
,Ukraine,2015,UA,57.4,billion,9,USD p/a,amount,https://www.cia.gov/library/publications/the-world-factbook/fields/2056.html
,Czech Republic,2015,CZ,55.81,billion,9,USD p/a,amount,https://www.cia.gov/library/publications/the-world-factbook/fields/2056.html
,Angola,2015,AO,52.75,billion,9,USD p/a,amount,https://www.cia.gov/library/publications/the-world-factbook/fields/2056.html
,Iran,2015,IR,47.84,billion,9,USD p/a,amount,https://www.cia.gov/library/publications/the-world-factbook/fields/2056.html
,Cuba,2015,CU,47.62,billion,9,USD p/a,amount,https://www.cia.gov/library/publications/the-world-factbook/fields/2056.html
,Singapore,2015,SG,45.67,billion,9,USD p/a,amount,https://www.cia.gov/library/publications/the-world-factbook/fields/2056.html
,Egypt,2015,EG,45.57,billion,9,USD p/a,amount,https://www.cia.gov/library/publications/the-world-factbook/fields/2056.html
,Kazakhstan,2015,KZ,43.88,billion,9,USD p/a,amount,https://www.cia.gov/library/publications/the-world-factbook/fields/2056.html
,Vietnam,2015,VN,42.82,billion,9,USD p/a,amount,https://www.cia.gov/library/publications/the-world-factbook/fields/2056.html
,Libya,2015,LY,41.54,billion,9,USD p/a,amount,https://www.cia.gov/library/publications/the-world-factbook/fields/2056.html
,Philippines,2015,PH,38.88,billion,9,USD p/a,amount,https://www.cia.gov/library/publications/the-world-factbook/fields/2056.html
,Ecuador,2015,EC,37,billion,9,USD p/a,amount,https://www.cia.gov/library/publications/the-world-factbook/fields/2056.html
,Oman,2015,OM,34.42,billion,9,USD p/a,amount,https://www.cia.gov/library/publications/the-world-factbook/fields/2056.html
,Slovakia,2015,SK,32.41,billion,9,USD p/a,amount,https://www.cia.gov/library/publications/the-world-factbook/fields/2056.html
,Pakistan,2015,PK,29.71,billion,9,USD p/a,amount,https://www.cia.gov/library/publications/the-world-factbook/fields/2056.html
,Azerbaijan,2015,AZ,27.61,billion,9,USD p/a,amount,https://www.cia.gov/library/publications/the-world-factbook/fields/2056.html
,Belarus,2015,BY,26.68,billion,9,USD p/a,amount,https://www.cia.gov/library/publications/the-world-factbook/fields/2056.html
,Morocco,2015,MA,26.07,billion,9,USD p/a,amount,https://www.cia.gov/library/publications/the-world-factbook/fields/2056.html
,Luxembourg,2015,LU,23.91,billion,9,USD p/a,amount,https://www.cia.gov/library/publications/the-world-factbook/fields/2056.html
,Nigeria,2015,NG,23.85,billion,9,USD p/a,amount,https://www.cia.gov/library/publications/the-world-factbook/fields/2056.html
,Slovenia,2015,SI,19.56,billion,9,USD p/a,amount,https://www.cia.gov/library/publications/the-world-factbook/fields/2056.html
,Macau,2015,MO,19.44,billion,9,USD p/a,amount,https://www.cia.gov/library/publications/the-world-factbook/fields/2056.html
,Bulgaria,2015,BG,18.81,billion,9,USD p/a,amount,https://www.cia.gov/library/publications/the-world-factbook/fields/2056.html
,Croatia,2015,HR,17.87,billion,9,USD p/a,amount,https://www.cia.gov/library/publications/the-world-factbook/fields/2056.html
,Uzbekistan,2015,UZ,17.84,billion,9,USD p/a,amount,https://www.cia.gov/library/publications/the-world-factbook/fields/2056.html
,Serbia,2015,RS,17.47,billion,9,USD p/a,amount,https://www.cia.gov/library/publications/the-world-factbook/fields/2056.html
,Bangladesh,2015,BD,17.19,billion,9,USD p/a,amount,https://www.cia.gov/library/publications/the-world-factbook/fields/2056.html
,Uruguay,2015,UY,17.14,billion,9,USD p/a,amount,https://www.cia.gov/library/publications/the-world-factbook/fields/2056.html
,Bolivia,2015,BO,15.16,billion,9,USD p/a,amount,https://www.cia.gov/library/publications/the-world-factbook/fields/2056.html
,Lithuania,2015,LT,14.5,billion,9,USD p/a,amount,https://www.cia.gov/library/publications/the-world-factbook/fields/2056.html
,Tunisia,2015,TN,12.16,billion,9,USD p/a,amount,https://www.cia.gov/library/publications/the-world-factbook/fields/2056.html
,Latvia,2015,LV,10.9,billion,9,USD p/a,amount,https://www.cia.gov/library/publications/the-world-factbook/fields/2056.html
,Ghana,2015,GH,10.56,billion,9,USD p/a,amount,https://www.cia.gov/library/publications/the-world-factbook/fields/2056.html
,Panama,2015,PA,10.33,billion,9,USD p/a,amount,https://www.cia.gov/library/publications/the-world-factbook/fields/2056.html
,Lebanon,2015,LB,9.487,billion,9,USD p/a,amount,https://www.cia.gov/library/publications/the-world-factbook/fields/2056.html
,Dominican Republic,2015,DO,9.012,billion,9,USD p/a,amount,https://www.cia.gov/library/publications/the-world-factbook/fields/2056.html
,Estonia,2015,EE,8.489,billion,9,USD p/a,amount,https://www.cia.gov/library/publications/the-world-factbook/fields/2056.html
,Sri Lanka,2015,LK,8.43,billion,9,USD p/a,amount,https://www.cia.gov/library/publications/the-world-factbook/fields/2056.html
,Bahrain,2015,BH,8.143,billion,9,USD p/a,amount,https://www.cia.gov/library/publications/the-world-factbook/fields/2056.html
,Kenya,2015,KE,7.866,billion,9,USD p/a,amount,https://www.cia.gov/library/publications/the-world-factbook/fields/2056.html
,Trinidad and Tobago,2015,TT,7.847,billion,9,USD p/a,amount,https://www.cia.gov/library/publications/the-world-factbook/fields/2056.html
,Yemen,2015,YE,7.769,billion,9,USD p/a,amount,https://www.cia.gov/library/publications/the-world-factbook/fields/2056.html
,Cyprus,2015,CY,7.743,billion,9,USD p/a,amount,https://www.cia.gov/library/publications/the-world-factbook/fields/2056.html
,Bosnia and Herzegovina,2015,BA,7.691,billion,9,USD p/a,amount,https://www.cia.gov/library/publications/the-world-factbook/fields/2056.html
,Costa Rica,2015,CR,7.197,billion,9,USD p/a,amount,https://www.cia.gov/library/publications/the-world-factbook/fields/2056.html
,Tanzania,2015,TZ,7.117,billion,9,USD p/a,amount,https://www.cia.gov/library/publications/the-world-factbook/fields/2056.html
,Brunei,2015,BN,6.992,billion,9,USD p/a,amount,https://www.cia.gov/library/publications/the-world-factbook/fields/2056.html
,Jordan,2015,JO,6.868,billion,9,USD p/a,amount,https://www.cia.gov/library/publications/the-world-factbook/fields/2056.html
,Equatorial Guinea,2015,GQ,6.837,billion,9,USD p/a,amount,https://www.cia.gov/library/publications/the-world-factbook/fields/2056.html
,Ethiopia,2015,ET,6.702,billion,9,USD p/a,amount,https://www.cia.gov/library/publications/the-world-factbook/fields/2056.html
,Puerto Rico,2015,PR,6.7,billion,9,USD p/a,amount,https://www.cia.gov/library/publications/the-world-factbook/fields/2056.html
,Congo Republic of the,2015,CD,6.608,billion,9,USD p/a,amount,https://www.cia.gov/library/publications/the-world-factbook/fields/2056.html
,Guatemala,2015,GT,6.411,billion,9,USD p/a,amount,https://www.cia.gov/library/publications/the-world-factbook/fields/2056.html
,Iceland,2015,IS,6.231,billion,9,USD p/a,amount,https://www.cia.gov/library/publications/the-world-factbook/fields/2056.html
,Turkmenistan,2015,TM,5.93,billion,9,USD p/a,amount,https://www.cia.gov/library/publications/the-world-factbook/fields/2056.html
,Congo Democratic Republic of the,2015,CG,5.817,billion,9,USD p/a,amount,https://www.cia.gov/library/publications/the-world-factbook/fields/2056.html
,Paraguay,2015,PY,5.788,billion,9,USD p/a,amount,https://www.cia.gov/library/publications/the-world-factbook/fields/2056.html
,Cote d'Ivoire,2015,CI,5.7,billion,9,USD p/a,amount,https://www.cia.gov/library/publications/the-world-factbook/fields/2056.html
,Cameroon,2015,CM,5.089,billion,9,USD p/a,amount,https://www.cia.gov/library/publications/the-world-factbook/fields/2056.html
,Botswana,2015,BW,5.04,billion,9,USD p/a,amount,https://www.cia.gov/library/publications/the-world-factbook/fields/2056.html
,Gabon,2015,GA,5.031,billion,9,USD p/a,amount,https://www.cia.gov/library/publications/the-world-factbook/fields/2056.html
,Malta,2015,MT,4.843,billion,9,USD p/a,amount,https://www.cia.gov/library/publications/the-world-factbook/fields/2056.html
,Georgia,2015,GE,4.834,billion,9,USD p/a,amount,https://www.cia.gov/library/publications/the-world-factbook/fields/2056.html
,Zambia,2015,ZM,4.814,billion,9,USD p/a,amount,https://www.cia.gov/library/publications/the-world-factbook/fields/2056.html
,Mozambique,2015,MZ,4.808,billion,9,USD p/a,amount,https://www.cia.gov/library/publications/the-world-factbook/fields/2056.html
,El Salvador,2015,SV,4.683,billion,9,USD p/a,amount,https://www.cia.gov/library/publications/the-world-factbook/fields/2056.html
,Sudan,2015,SD,4.513,billion,9,USD p/a,amount,https://www.cia.gov/library/publications/the-world-factbook/fields/2056.html
,Papua New Guinea,2015,PG,4.359,billion,9,USD p/a,amount,https://www.cia.gov/library/publications/the-world-factbook/fields/2056.html
,Namibia,2015,NA,4.325,billion,9,USD p/a,amount,https://www.cia.gov/library/publications/the-world-factbook/fields/2056.html
,Jamaica,2015,JM,3.826,billion,9,USD p/a,amount,https://www.cia.gov/library/publications/the-world-factbook/fields/2056.html
,Senegal,2015,SN,3.555,billion,9,USD p/a,amount,https://www.cia.gov/library/publications/the-world-factbook/fields/2056.html
,Mongolia,2015,MN,3.462,billion,9,USD p/a,amount,https://www.cia.gov/library/publications/the-world-factbook/fields/2056.html
,Nepal,2015,NP,3.3,billion,9,USD p/a,amount,https://www.cia.gov/library/publications/the-world-factbook/fields/2056.html
,Korea North,2015,KP,3.2,billion,9,USD p/a,amount,https://www.cia.gov/library/publications/the-world-factbook/fields/2056.html
,Uganda,2015,UG,3.2,billion,9,USD p/a,amount,https://www.cia.gov/library/publications/the-world-factbook/fields/2056.html
,Honduras,2015,HN,3.113,billion,9,USD p/a,amount,https://www.cia.gov/library/publications/the-world-factbook/fields/2056.html
,Albania,2015,AL,3.074,billion,9,USD p/a,amount,https://www.cia.gov/library/publications/the-world-factbook/fields/2056.html
,Macedonia,2015,MK,3.023,billion,9,USD p/a,amount,https://www.cia.gov/library/publications/the-world-factbook/fields/2056.html
,Moldova,2015,MD,2.931,billion,9,USD p/a,amount,https://www.cia.gov/library/publications/the-world-factbook/fields/2056.html
,Mali,2015,ML,2.868,billion,9,USD p/a,amount,https://www.cia.gov/library/publications/the-world-factbook/fields/2056.html
,Burkina Faso,2015,BF,2.838,billion,9,USD p/a,amount,https://www.cia.gov/library/publications/the-world-factbook/fields/2056.html
,Chad,2015,TD,2.753,billion,9,USD p/a,amount,https://www.cia.gov/library/publications/the-world-factbook/fields/2056.html
,Cambodia,2015,KH,2.685,billion,9,USD p/a,amount,https://www.cia.gov/library/publications/the-world-factbook/fields/2056.html
,Armenia,2015,AM,2.677,billion,9,USD p/a,amount,https://www.cia.gov/library/publications/the-world-factbook/fields/2056.html
,Mauritius,2015,MU,2.507,billion,9,USD p/a,amount,https://www.cia.gov/library/publications/the-world-factbook/fields/2056.html
,Laos,2015,LA,2.481,billion,9,USD p/a,amount,https://www.cia.gov/library/publications/the-world-factbook/fields/2056.html
,Tajikistan,2015,TJ,2.425,billion,9,USD p/a,amount,https://www.cia.gov/library/publications/the-world-factbook/fields/2056.html
,Burma,2015,MM,2.413,billion,9,USD p/a,amount,https://www.cia.gov/library/publications/the-world-factbook/fields/2056.html
,Syria,2015,SY,2.38,billion,9,USD p/a,amount,https://www.cia.gov/library/publications/the-world-factbook/fields/2056.html
,Afghanistan,2015,AF,2.333,billion,9,USD p/a,amount,https://www.cia.gov/library/publications/the-world-factbook/fields/2056.html
,Kyrgyzstan,2015,KG,2.128,billion,9,USD p/a,amount,https://www.cia.gov/library/publications/the-world-factbook/fields/2056.html
,Madagascar,2015,MG,2.113,billion,9,USD p/a,amount,https://www.cia.gov/library/publications/the-world-factbook/fields/2056.html
,West Bank,2015,WB,2.1,billion,9,USD p/a,amount,https://www.cia.gov/library/publications/the-world-factbook/fields/2056.html
,Haiti,2015,HT,1.989,billion,9,USD p/a,amount,https://www.cia.gov/library/publications/the-world-factbook/fields/2056.html
,Kosovo,2015,KV,1.916,billion,9,USD p/a,amount,https://www.cia.gov/library/publications/the-world-factbook/fields/2056.html
,Niger,2015,NE,1.911,billion,9,USD p/a,amount,https://www.cia.gov/library/publications/the-world-factbook/fields/2056.html
,Rwanda,2015,RW,1.814,billion,9,USD p/a,amount,https://www.cia.gov/library/publications/the-world-factbook/fields/2056.html
,Nicaragua,2015,NI,1.776,billion,9,USD p/a,amount,https://www.cia.gov/library/publications/the-world-factbook/fields/2056.html
,Greenland,2015,GL,1.72,billion,9,USD p/a,amount,https://www.cia.gov/library/publications/the-world-factbook/fields/2056.html
,Benin,2015,BJ,1.712,billion,9,USD p/a,amount,https://www.cia.gov/library/publications/the-world-factbook/fields/2056.html
,Montenegro,2015,ME,1.68,billion,9,USD p/a,amount,https://www.cia.gov/library/publications/the-world-factbook/fields/2056.html
,Mauritania,2015,MR,1.677,billion,9,USD p/a,amount,https://www.cia.gov/library/publications/the-world-factbook/fields/2056.html
,Timor-Leste,2015,TL,1.6,billion,9,USD p/a,amount,https://www.cia.gov/library/publications/the-world-factbook/fields/2056.html
,Guinea,2015,GN,1.508,billion,9,USD p/a,amount,https://www.cia.gov/library/publications/the-world-factbook/fields/2056.html
,Lesotho,2015,LS,1.462,billion,9,USD p/a,amount,https://www.cia.gov/library/publications/the-world-factbook/fields/2056.html
,Bahamas The,2015,BS,1.41,billion,9,USD p/a,amount,https://www.cia.gov/library/publications/the-world-factbook/fields/2056.html
,Malawi,2015,MW,1.347,billion,9,USD p/a,amount,https://www.cia.gov/library/publications/the-world-factbook/fields/2056.html
,Swaziland,2015,SZ,1.274,billion,9,USD p/a,amount,https://www.cia.gov/library/publications/the-world-factbook/fields/2056.html
,Barbados,2015,BB,1.15,billion,9,USD p/a,amount,https://www.cia.gov/library/publications/the-world-factbook/fields/2056.html
,Fiji,2015,FJ,1.084,billion,9,USD p/a,amount,https://www.cia.gov/library/publications/the-world-factbook/fields/2056.html
,Monaco,2015,MC,1.044,billion,9,USD p/a,amount,https://www.cia.gov/library/publications/the-world-factbook/fields/2056.html
,Andorra,2015,AD,1.029,billion,9,USD p/a,amount,https://www.cia.gov/library/publications/the-world-factbook/fields/2056.html
,Faroe Islands,2015,FO,1.025,billion,9,USD p/a,amount,https://www.cia.gov/library/publications/the-world-factbook/fields/2056.html
,New Caledonia,2015,NC,996,million,6,USD p/a,amount,https://www.cia.gov/library/publications/the-world-factbook/fields/2056.html
,Liechtenstein,2015,LI,995.3,million,6,USD p/a,amount,https://www.cia.gov/library/publications/the-world-factbook/fields/2056.html
,Bermuda,2015,BM,973.2,million,6,USD p/a,amount,https://www.cia.gov/library/publications/the-world-factbook/fields/2056.html
,Eritrea,2015,ER,968.8,million,6,USD p/a,amount,https://www.cia.gov/library/publications/the-world-factbook/fields/2056.html
,Isle of Man,2015,IM,965,million,6,USD p/a,amount,https://www.cia.gov/library/publications/the-world-factbook/fields/2056.html
,Guam,2015,GU,942.6,million,6,USD p/a,amount,https://www.cia.gov/library/publications/the-world-factbook/fields/2056.html
,French Polynesia,2015,PF,865,million,6,USD p/a,amount,https://www.cia.gov/library/publications/the-world-factbook/fields/2056.html
,Virgin Islands,2015,VI,837,million,6,USD p/a,amount,https://www.cia.gov/library/publications/the-world-factbook/fields/2056.html
,Jersey,2015,JE,829,million,6,USD p/a,amount,https://www.cia.gov/library/publications/the-world-factbook/fields/2056.html
,Suriname,2015,SR,826.6,million,6,USD p/a,amount,https://www.cia.gov/library/publications/the-world-factbook/fields/2056.html
,Togo,2015,TG,825.8,million,6,USD p/a,amount,https://www.cia.gov/library/publications/the-world-factbook/fields/2056.html
,Burundi,2015,BI,766.9,million,6,USD p/a,amount,https://www.cia.gov/library/publications/the-world-factbook/fields/2056.html
,Guyana,2015,GY,756.7,million,6,USD p/a,amount,https://www.cia.gov/library/publications/the-world-factbook/fields/2056.html
,Cayman Islands,2015,KY,700.5,million,6,USD p/a,amount,https://www.cia.gov/library/publications/the-world-factbook/fields/2056.html
,San Marino,2015,SM,667.7,million,6,USD p/a,amount,https://www.cia.gov/library/publications/the-world-factbook/fields/2056.html
,Maldives,2015,MV,638,million,6,USD p/a,amount,https://www.cia.gov/library/publications/the-world-factbook/fields/2056.html
,Aruba,2015,AW,625.1,million,6,USD p/a,amount,https://www.cia.gov/library/publications/the-world-factbook/fields/2056.html
,Sierra Leone,2015,SL,614.8,million,6,USD p/a,amount,https://www.cia.gov/library/publications/the-world-factbook/fields/2056.html
,Bhutan,2015,BT,588.2,million,6,USD p/a,amount,https://www.cia.gov/library/publications/the-world-factbook/fields/2056.html
,Guernsey,2015,GG,563.6,million,6,USD p/a,amount,https://www.cia.gov/library/publications/the-world-factbook/fields/2056.html
,Seychelles,2015,SC,516.7,million,6,USD p/a,amount,https://www.cia.gov/library/publications/the-world-factbook/fields/2056.html
,Djibouti,2015,DJ,512.7,million,6,USD p/a,amount,https://www.cia.gov/library/publications/the-world-factbook/fields/2056.html
,Gibraltar,2015,GI,475.8,million,6,USD p/a,amount,https://www.cia.gov/library/publications/the-world-factbook/fields/2056.html
,Liberia,2015,LR,465,million,6,USD p/a,amount,https://www.cia.gov/library/publications/the-world-factbook/fields/2056.html
,Solomon Islands,2015,SB,437.3,million,6,USD p/a,amount,https://www.cia.gov/library/publications/the-world-factbook/fields/2056.html
,South Sudan,2015,SS,437,million,6,USD p/a,amount,https://www.cia.gov/library/publications/the-world-factbook/fields/2056.html
,Turks and Caicos Islands,2015,TC,434.1,million,6,USD p/a,amount,https://www.cia.gov/library/publications/the-world-factbook/fields/2056.html
,Cabo Verde,2015,CV,414.6,million,6,USD p/a,amount,https://www.cia.gov/library/publications/the-world-factbook/fields/2056.html
,Belize,2015,BZ,410.1,million,6,USD p/a,amount,https://www.cia.gov/library/publications/the-world-factbook/fields/2056.html
,Holy See (Vatican City),2015,VA,308,million,6,USD p/a,amount,https://www.cia.gov/library/publications/the-world-factbook/fields/2056.html
,British Virgin Islands,2015,VG,300,million,6,USD p/a,amount,https://www.cia.gov/library/publications/the-world-factbook/fields/2056.html
,Northern Mariana Islands,2015,MP,260,million,6,USD p/a,amount,https://www.cia.gov/library/publications/the-world-factbook/fields/2056.html
,Antigua and Barbuda,2015,AG,239.5,million,6,USD p/a,amount,https://www.cia.gov/library/publications/the-world-factbook/fields/2056.html
,Gambia The,2015,GM,229.6,million,6,USD p/a,amount,https://www.cia.gov/library/publications/the-world-factbook/fields/2056.html
,Saint Kitts and Nevis,2015,KN,222.2,million,6,USD p/a,amount,https://www.cia.gov/library/publications/the-world-factbook/fields/2056.html
,Samoa,2015,WS,215.6,million,6,USD p/a,amount,https://www.cia.gov/library/publications/the-world-factbook/fields/2056.html
,Vanuatu,2015,VU,203.5,million,6,USD p/a,amount,https://www.cia.gov/library/publications/the-world-factbook/fields/2056.html
,Central African Republic,2015,CF,186.2,million,6,USD p/a,amount,https://www.cia.gov/library/publications/the-world-factbook/fields/2056.html
,Saint Lucia,2015,LC,185.2,million,6,USD p/a,amount,https://www.cia.gov/library/publications/the-world-factbook/fields/2056.html
,Saint Vincent and the Grenadines,2015,VC,185.2,million,6,USD p/a,amount,https://www.cia.gov/library/publications/the-world-factbook/fields/2056.html
,Comoros,2015,KM,170.1,million,6,USD p/a,amount,https://www.cia.gov/library/publications/the-world-factbook/fields/2056.html
,Grenada,2015,GD,163,million,6,USD p/a,amount,https://www.cia.gov/library/publications/the-world-factbook/fields/2056.html
,American Samoa,2015,AS,155.4,million,6,USD p/a,amount,https://www.cia.gov/library/publications/the-world-factbook/fields/2056.html
,Dominica,2015,DM,148.1,million,6,USD p/a,amount,https://www.cia.gov/library/publications/the-world-factbook/fields/2056.html
,Guinea-Bissau,2015,GW,142,million,6,USD p/a,amount,https://www.cia.gov/library/publications/the-world-factbook/fields/2056.html
,Tonga,2015,TO,112.4,million,6,USD p/a,amount,https://www.cia.gov/library/publications/the-world-factbook/fields/2056.html
,Micronesia Federated States of,2015,FM,107,million,6,USD p/a,amount,https://www.cia.gov/library/publications/the-world-factbook/fields/2056.html
,Marshall Islands,2015,MH,105.4,million,6,USD p/a,amount,https://www.cia.gov/library/publications/the-world-factbook/fields/2056.html
,Palau,2015,PW,89,million,6,USD p/a,amount,https://www.cia.gov/library/publications/the-world-factbook/fields/2056.html
,Sao Tome and Principe,2015,ST,83.94,million,6,USD p/a,amount,https://www.cia.gov/library/publications/the-world-factbook/fields/2056.html
,Cook Islands,2015,CK,70.95,million,6,USD p/a,amount,https://www.cia.gov/library/publications/the-world-factbook/fields/2056.html
,Saint Pierre and Miquelon,2015,PM,70,million,6,USD p/a,amount,https://www.cia.gov/library/publications/the-world-factbook/fields/2056.html
,Anguilla,2015,AI,69.52,million,6,USD p/a,amount,https://www.cia.gov/library/publications/the-world-factbook/fields/2056.html
,Falkland Islands (Islas Malvinas),2015,FK,67.1,million,6,USD p/a,amount,https://www.cia.gov/library/publications/the-world-factbook/fields/2056.html
,Kiribati,2015,KI,55.52,million,6,USD p/a,amount,https://www.cia.gov/library/publications/the-world-factbook/fields/2056.html
,Montserrat,2015,MS,31.4,million,6,USD p/a,amount,https://www.cia.gov/library/publications/the-world-factbook/fields/2056.html
,Tuvalu,2015,TV,21.54,million,6,USD p/a,amount,https://www.cia.gov/library/publications/the-world-factbook/fields/2056.html
,Niue,2015,NU,15.07,million,6,USD p/a,amount,https://www.cia.gov/library/publications/the-world-factbook/fields/2056.html
,Nauru,2015,NR,13.5,million,6,USD p/a,amount,https://www.cia.gov/library/publications/the-world-factbook/fields/2056.html
,Saint Helena Ascension and Tristan da Cunha,2015,SH,10.21,million,6,USD p/a,amount,https://www.cia.gov/library/publications/the-world-factbook/fields/2056.html
,Norfolk Island,2015,NF,4.6,million,6,USD p/a,amount,https://www.cia.gov/library/publications/the-world-factbook/fields/2056.html
,Pitcairn Islands,2015,PN,746,thousand,3,USD p/a,amount,https://www.cia.gov/library/publications/the-world-factbook/fields/2056.html
,Tokelau,2015,TK,430.8,thousand,3,USD p/a,amount,https://www.cia.gov/library/publications/the-world-factbook/fields/2056.html
,Wallis and Futuna,2015,WF,29.73,thousand,3,USD p/a,amount,https://www.cia.gov/library/publications/the-world-factbook/fields/2056.html
