,Afghanistan,2014,AF,35.24,billion,9,USD,amount,https://www.cia.gov/library/publications/the-world-factbook/fields/2012.html
,Albania,2016,AL,5.1,billion,9,USD,amount,https://www.cia.gov/library/publications/the-world-factbook/fields/2012.html
,Algeria,2016,DZ,235.84,billion,9,USD,amount,https://www.cia.gov/library/publications/the-world-factbook/fields/2012.html
,American Samoa,2012,AS,88.16,million,6,USD,amount,https://www.cia.gov/library/publications/the-world-factbook/fields/2012.html
,Andorra,2011,AD,2.5,billion,9,USD,amount,https://www.cia.gov/library/publications/the-world-factbook/fields/2012.html
,Angola,2011,AO,115.0,billion,9,USD,amount,https://www.cia.gov/library/publications/the-world-factbook/fields/2012.html
,Anguilla,2016,AI,36.83,million,6,USD,amount,https://www.cia.gov/library/publications/the-world-factbook/fields/2012.html
,Antigua and Barbuda,2016,AG,390.0,million,6,USD,amount,https://www.cia.gov/library/publications/the-world-factbook/fields/2012.html
,Argentina,2016,AR,265.58,billion,9,USD,amount,https://www.cia.gov/library/publications/the-world-factbook/fields/2012.html
,Armenia,2016,AM,7.73,billion,9,USD,amount,https://www.cia.gov/library/publications/the-world-factbook/fields/2012.html
,Aruba,2002,AW,840.0,million,6,USD,amount,https://www.cia.gov/library/publications/the-world-factbook/fields/2012.html
,Australia,2016,AU,340.0,billion,9,USD,amount,https://www.cia.gov/library/publications/the-world-factbook/fields/2012.html
,Austria,2016,AT,116.87,billion,9,USD,amount,https://www.cia.gov/library/publications/the-world-factbook/fields/2012.html
,Azerbaijan,2016,AZ,102.59,billion,9,USD,amount,https://www.cia.gov/library/publications/the-world-factbook/fields/2012.html
,Bahamas The,2016,BS,690.0,million,6,USD,amount,https://www.cia.gov/library/publications/the-world-factbook/fields/2012.html
,Bahrain,2016,BH,22.43,billion,9,USD,amount,https://www.cia.gov/library/publications/the-world-factbook/fields/2012.html
,Bangladesh,2016,BD,179.72,billion,9,USD,amount,https://www.cia.gov/library/publications/the-world-factbook/fields/2012.html
,Barbados,2016,BB,560.0,million,6,USD,amount,https://www.cia.gov/library/publications/the-world-factbook/fields/2012.html
,Belarus,2016,BY,67.65,billion,9,USD,amount,https://www.cia.gov/library/publications/the-world-factbook/fields/2012.html
,Belgium,2016,BE,110.87,billion,9,USD,amount,https://www.cia.gov/library/publications/the-world-factbook/fields/2012.html
,Belize,2016,BZ,450.0,million,6,USD,amount,https://www.cia.gov/library/publications/the-world-factbook/fields/2012.html
,Benin,2016,BJ,6.05,billion,9,USD,amount,https://www.cia.gov/library/publications/the-world-factbook/fields/2012.html
,Bermuda,2016,BM,300.0,million,6,USD,amount,https://www.cia.gov/library/publications/the-world-factbook/fields/2012.html
,Bhutan,2016,BT,2.71,billion,9,USD,amount,https://www.cia.gov/library/publications/the-world-factbook/fields/2012.html
,Bolivia,2016,BO,29.3,billion,9,USD,amount,https://www.cia.gov/library/publications/the-world-factbook/fields/2012.html
,Bosnia and Herzegovina,2016,BA,11.4,billion,9,USD,amount,https://www.cia.gov/library/publications/the-world-factbook/fields/2012.html
,Botswana,2016,BW,10.88,billion,9,USD,amount,https://www.cia.gov/library/publications/the-world-factbook/fields/2012.html
,Brazil,2016,BR,680.0,billion,9,USD,amount,https://www.cia.gov/library/publications/the-world-factbook/fields/2012.html
,British Virgin Islands,2016,VG,55.5,million,6,USD,amount,https://www.cia.gov/library/publications/the-world-factbook/fields/2012.html
,Brunei,2016,BN,20.37,billion,9,USD,amount,https://www.cia.gov/library/publications/the-world-factbook/fields/2012.html
,Bulgaria,2016,BG,39.35,billion,9,USD,amount,https://www.cia.gov/library/publications/the-world-factbook/fields/2012.html
,Burkina Faso,2016,BF,7.19,billion,9,USD,amount,https://www.cia.gov/library/publications/the-world-factbook/fields/2012.html
,Burma,2016,MM,85.55,billion,9,USD,amount,https://www.cia.gov/library/publications/the-world-factbook/fields/2012.html
,Burundi,2016,BI,1.35,billion,9,USD,amount,https://www.cia.gov/library/publications/the-world-factbook/fields/2012.html
,Cabo Verde,2016,CV,590.0,million,6,USD,amount,https://www.cia.gov/library/publications/the-world-factbook/fields/2012.html
,Cambodia,2016,KH,17.56,billion,9,USD,amount,https://www.cia.gov/library/publications/the-world-factbook/fields/2012.html
,Cameroon,2016,CM,23.79,billion,9,USD,amount,https://www.cia.gov/library/publications/the-world-factbook/fields/2012.html
,Canada,2016,CA,460.0,billion,9,USD,amount,https://www.cia.gov/library/publications/the-world-factbook/fields/2012.html
,Cayman Islands,2016,KY,180.0,million,6,USD,amount,https://www.cia.gov/library/publications/the-world-factbook/fields/2012.html
,Central African Republic,2016,CF,380.0,million,6,USD,amount,https://www.cia.gov/library/publications/the-world-factbook/fields/2012.html
,Chad,2016,TD,3.92,billion,9,USD,amount,https://www.cia.gov/library/publications/the-world-factbook/fields/2012.html
,Chile,2016,CL,141.3,billion,9,USD,amount,https://www.cia.gov/library/publications/the-world-factbook/fields/2012.html
,China,2016,CN,8.66,trillion,12,USD,amount,https://www.cia.gov/library/publications/the-world-factbook/fields/2012.html
,Colombia,2016,CO,234.74,billion,9,USD,amount,https://www.cia.gov/library/publications/the-world-factbook/fields/2012.html
,Comoros,2016,KM,150.0,million,6,USD,amount,https://www.cia.gov/library/publications/the-world-factbook/fields/2012.html
,Congo Democratic Republic of the,2016,CD,20.93,billion,9,USD,amount,https://www.cia.gov/library/publications/the-world-factbook/fields/2012.html
,Congo Republic of the,2016,CG,21.13,billion,9,USD,amount,https://www.cia.gov/library/publications/the-world-factbook/fields/2012.html
,Cook Islands,2010,CK,31.0,million,6,USD,amount,https://www.cia.gov/library/publications/the-world-factbook/fields/2012.html
,Costa Rica,2016,CR,14.74,billion,9,USD,amount,https://www.cia.gov/library/publications/the-world-factbook/fields/2012.html
,Cote d'Ivoire,2016,CI,16.99,billion,9,USD,amount,https://www.cia.gov/library/publications/the-world-factbook/fields/2012.html
,Croatia,2016,HR,25.07,billion,9,USD,amount,https://www.cia.gov/library/publications/the-world-factbook/fields/2012.html
,Cuba,2016,CU,29.55,billion,9,USD,amount,https://www.cia.gov/library/publications/the-world-factbook/fields/2012.html
,Cyprus,2016,CY,3.04,billion,9,USD,amount,https://www.cia.gov/library/publications/the-world-factbook/fields/2012.html
,Czechia,2016,CZ,131.59,billion,9,USD,amount,https://www.cia.gov/library/publications/the-world-factbook/fields/2012.html
,Denmark,2016,DK,61.96,billion,9,USD,amount,https://www.cia.gov/library/publications/the-world-factbook/fields/2012.html
,Djibouti,2016,DJ,700.0,million,6,USD,amount,https://www.cia.gov/library/publications/the-world-factbook/fields/2012.html
,Dominica,2016,DM,125.86,million,6,USD,amount,https://www.cia.gov/library/publications/the-world-factbook/fields/2012.html
,Dominican Republic,2016,DO,52.78,billion,9,USD,amount,https://www.cia.gov/library/publications/the-world-factbook/fields/2012.html
,Ecuador,2016,EC,62.02,billion,9,USD,amount,https://www.cia.gov/library/publications/the-world-factbook/fields/2012.html
,Egypt,2016,EG,400.0,billion,9,USD,amount,https://www.cia.gov/library/publications/the-world-factbook/fields/2012.html
,El Salvador,2016,SV,13.86,billion,9,USD,amount,https://www.cia.gov/library/publications/the-world-factbook/fields/2012.html
,Equatorial Guinea,2016,GQ,22.78,billion,9,USD,amount,https://www.cia.gov/library/publications/the-world-factbook/fields/2012.html
,Eritrea,2016,ER,2.7,billion,9,USD,amount,https://www.cia.gov/library/publications/the-world-factbook/fields/2012.html
,Estonia,2016,EE,10.87,billion,9,USD,amount,https://www.cia.gov/library/publications/the-world-factbook/fields/2012.html
,Ethiopia,2016,ET,29.7,billion,9,USD,amount,https://www.cia.gov/library/publications/the-world-factbook/fields/2012.html
,Faroe Islands,2007,FO,530.0,million,6,USD,amount,https://www.cia.gov/library/publications/the-world-factbook/fields/2012.html
,Fiji,2016,FJ,1.54,billion,9,USD,amount,https://www.cia.gov/library/publications/the-world-factbook/fields/2012.html
,Finland,2016,FI,61.87,billion,9,USD,amount,https://www.cia.gov/library/publications/the-world-factbook/fields/2012.html
,France,2016,FR,530.0,billion,9,USD,amount,https://www.cia.gov/library/publications/the-world-factbook/fields/2012.html
,French Polynesia,2009,PF,930.0,million,6,USD,amount,https://www.cia.gov/library/publications/the-world-factbook/fields/2012.html
,Gabon,2016,GA,16.81,billion,9,USD,amount,https://www.cia.gov/library/publications/the-world-factbook/fields/2012.html
,Gambia The,2016,GM,530.0,million,6,USD,amount,https://www.cia.gov/library/publications/the-world-factbook/fields/2012.html
,Georgia,2016,GE,8.07,billion,9,USD,amount,https://www.cia.gov/library/publications/the-world-factbook/fields/2012.html
,Germany,2016,DE,1.21,trillion,12,USD,amount,https://www.cia.gov/library/publications/the-world-factbook/fields/2012.html
,Ghana,2016,GH,28.99,billion,9,USD,amount,https://www.cia.gov/library/publications/the-world-factbook/fields/2012.html
,Gibraltar,2008,GI,0.0,billion,9,USD,amount,https://www.cia.gov/library/publications/the-world-factbook/fields/2012.html
,Greece,2016,GR,43.58,billion,9,USD,amount,https://www.cia.gov/library/publications/the-world-factbook/fields/2012.html
,Greenland,2012,GL,420.0,million,6,USD,amount,https://www.cia.gov/library/publications/the-world-factbook/fields/2012.html
,Grenada,2016,GD,210.0,million,6,USD,amount,https://www.cia.gov/library/publications/the-world-factbook/fields/2012.html
,Guatemala,2016,GT,31.09,billion,9,USD,amount,https://www.cia.gov/library/publications/the-world-factbook/fields/2012.html
,Guernsey,2000,GG,350.0,million,6,USD,amount,https://www.cia.gov/library/publications/the-world-factbook/fields/2012.html
,Guinea-Bissau,2016,GW,380.0,million,6,USD,amount,https://www.cia.gov/library/publications/the-world-factbook/fields/2012.html
,Guinea,2016,GN,6.06,billion,9,USD,amount,https://www.cia.gov/library/publications/the-world-factbook/fields/2012.html
,Guyana,2016,GY,2.02,billion,9,USD,amount,https://www.cia.gov/library/publications/the-world-factbook/fields/2012.html
,Haiti,2016,HT,3.93,billion,9,USD,amount,https://www.cia.gov/library/publications/the-world-factbook/fields/2012.html
,Honduras,2016,HN,11.49,billion,9,USD,amount,https://www.cia.gov/library/publications/the-world-factbook/fields/2012.html
,Hong Kong,2016,HK,30.77,billion,9,USD,amount,https://www.cia.gov/library/publications/the-world-factbook/fields/2012.html
,Hungary,2016,HU,85.1,billion,9,USD,amount,https://www.cia.gov/library/publications/the-world-factbook/fields/2012.html
,Iceland,2016,IS,3.29,billion,9,USD,amount,https://www.cia.gov/library/publications/the-world-factbook/fields/2012.html
,India,2016,IN,2.6,trillion,12,USD,amount,https://www.cia.gov/library/publications/the-world-factbook/fields/2012.html
,Indonesia,2016,ID,1.22,trillion,12,USD,amount,https://www.cia.gov/library/publications/the-world-factbook/fields/2012.html
,Iran,2016,IR,580.0,billion,9,USD,amount,https://www.cia.gov/library/publications/the-world-factbook/fields/2012.html
,Iraq,2016,IQ,269.11,billion,9,USD,amount,https://www.cia.gov/library/publications/the-world-factbook/fields/2012.html
,Ireland,2016,IE,133.94,billion,9,USD,amount,https://www.cia.gov/library/publications/the-world-factbook/fields/2012.html
,Israel,2016,IL,81.08,billion,9,USD,amount,https://www.cia.gov/library/publications/the-world-factbook/fields/2012.html
,Italy,2016,IT,530.0,billion,9,USD,amount,https://www.cia.gov/library/publications/the-world-factbook/fields/2012.html
,Jamaica,2016,JM,5.41,billion,9,USD,amount,https://www.cia.gov/library/publications/the-world-factbook/fields/2012.html
,Japan,2016,JP,1.37,trillion,12,USD,amount,https://www.cia.gov/library/publications/the-world-factbook/fields/2012.html
,Jordan,2016,JO,25.51,billion,9,USD,amount,https://www.cia.gov/library/publications/the-world-factbook/fields/2012.html
,Kazakhstan,2016,KZ,152.03,billion,9,USD,amount,https://www.cia.gov/library/publications/the-world-factbook/fields/2012.html
,Kenya,2016,KE,27.49,billion,9,USD,amount,https://www.cia.gov/library/publications/the-world-factbook/fields/2012.html
,Kiribati,2012,KI,19.41,million,6,USD,amount,https://www.cia.gov/library/publications/the-world-factbook/fields/2012.html
,Korea North,2016,KP,16.36,billion,9,USD,amount,https://www.cia.gov/library/publications/the-world-factbook/fields/2012.html
,Korea South,2016,KR,730.0,billion,9,USD,amount,https://www.cia.gov/library/publications/the-world-factbook/fields/2012.html
,Kosovo,2009,KV,4.18,billion,9,USD,amount,https://www.cia.gov/library/publications/the-world-factbook/fields/2012.html
,Kuwait,2016,KW,179.46,billion,9,USD,amount,https://www.cia.gov/library/publications/the-world-factbook/fields/2012.html
,Kyrgyzstan,2016,KG,5.44,billion,9,USD,amount,https://www.cia.gov/library/publications/the-world-factbook/fields/2012.html
,Laos,2016,LA,13.31,billion,9,USD,amount,https://www.cia.gov/library/publications/the-world-factbook/fields/2012.html
,Latvia,2016,LV,11.8,billion,9,USD,amount,https://www.cia.gov/library/publications/the-world-factbook/fields/2012.html
,Lebanon,2016,LB,21.29,billion,9,USD,amount,https://www.cia.gov/library/publications/the-world-factbook/fields/2012.html
,Lesotho,2016,LS,1.87,billion,9,USD,amount,https://www.cia.gov/library/publications/the-world-factbook/fields/2012.html
,Liberia,2016,LR,560.0,million,6,USD,amount,https://www.cia.gov/library/publications/the-world-factbook/fields/2012.html
,Libya,2016,LY,39.26,billion,9,USD,amount,https://www.cia.gov/library/publications/the-world-factbook/fields/2012.html
,Liechtenstein,2009,LI,1.18,billion,9,USD,amount,https://www.cia.gov/library/publications/the-world-factbook/fields/2012.html
,Lithuania,2016,LT,26.08,billion,9,USD,amount,https://www.cia.gov/library/publications/the-world-factbook/fields/2012.html
,Luxembourg,2016,LU,6.52,billion,9,USD,amount,https://www.cia.gov/library/publications/the-world-factbook/fields/2012.html
,Macau,2016,MO,7.08,billion,9,USD,amount,https://www.cia.gov/library/publications/the-world-factbook/fields/2012.html
,Macedonia,2016,MK,7.92,billion,9,USD,amount,https://www.cia.gov/library/publications/the-world-factbook/fields/2012.html
,Madagascar,2016,MG,6.11,billion,9,USD,amount,https://www.cia.gov/library/publications/the-world-factbook/fields/2012.html
,Malawi,2016,MW,3.72,billion,9,USD,amount,https://www.cia.gov/library/publications/the-world-factbook/fields/2012.html
,Malaysia,2016,MY,326.52,billion,9,USD,amount,https://www.cia.gov/library/publications/the-world-factbook/fields/2012.html
,Maldives,2014,MV,1.04,billion,9,USD,amount,https://www.cia.gov/library/publications/the-world-factbook/fields/2012.html
,Mali,2016,ML,7.08,billion,9,USD,amount,https://www.cia.gov/library/publications/the-world-factbook/fields/2012.html
,Malta,2015,MT,1.86,billion,9,USD,amount,https://www.cia.gov/library/publications/the-world-factbook/fields/2012.html
,Marshall Islands,2013,MH,17.82,million,6,USD,amount,https://www.cia.gov/library/publications/the-world-factbook/fields/2012.html
,Mauritania,2016,MR,5.82,billion,9,USD,amount,https://www.cia.gov/library/publications/the-world-factbook/fields/2012.html
,Mauritius,2016,MU,5.71,billion,9,USD,amount,https://www.cia.gov/library/publications/the-world-factbook/fields/2012.html
,Mexico,2016,MX,760.0,billion,9,USD,amount,https://www.cia.gov/library/publications/the-world-factbook/fields/2012.html
,Micronesia Federated States of,2013,FM,59.35,million,6,USD,amount,https://www.cia.gov/library/publications/the-world-factbook/fields/2012.html
,Moldova,2016,MD,3.93,billion,9,USD,amount,https://www.cia.gov/library/publications/the-world-factbook/fields/2012.html
,Monaco,2013,MC,950.0,million,6,USD,amount,https://www.cia.gov/library/publications/the-world-factbook/fields/2012.html
,Mongolia,2016,MN,12.86,billion,9,USD,amount,https://www.cia.gov/library/publications/the-world-factbook/fields/2012.html
,Montenegro,2013,ME,2.25,billion,9,USD,amount,https://www.cia.gov/library/publications/the-world-factbook/fields/2012.html
,Montserrat,2016,MS,9.54,million,6,USD,amount,https://www.cia.gov/library/publications/the-world-factbook/fields/2012.html
,Morocco,2016,MA,84.27,billion,9,USD,amount,https://www.cia.gov/library/publications/the-world-factbook/fields/2012.html
,Mozambique,2016,MZ,6.99,billion,9,USD,amount,https://www.cia.gov/library/publications/the-world-factbook/fields/2012.html
,Namibia,2016,NA,7.84,billion,9,USD,amount,https://www.cia.gov/library/publications/the-world-factbook/fields/2012.html
,Nauru,2009,NR,49.76,million,6,USD,amount,https://www.cia.gov/library/publications/the-world-factbook/fields/2012.html
,Nepal,2016,NP,9.3,billion,9,USD,amount,https://www.cia.gov/library/publications/the-world-factbook/fields/2012.html
,Netherlands,2016,NL,154.13,billion,9,USD,amount,https://www.cia.gov/library/publications/the-world-factbook/fields/2012.html
,New Caledonia,2016,NC,2.79,billion,9,USD,amount,https://www.cia.gov/library/publications/the-world-factbook/fields/2012.html
,New Zealand,2016,NZ,46.32,billion,9,USD,amount,https://www.cia.gov/library/publications/the-world-factbook/fields/2012.html
,Nicaragua,2016,NI,8.14,billion,9,USD,amount,https://www.cia.gov/library/publications/the-world-factbook/fields/2012.html
,Nigeria,2016,NG,210.0,billion,9,USD,amount,https://www.cia.gov/library/publications/the-world-factbook/fields/2012.html
,Niger,2016,NE,3.75,billion,9,USD,amount,https://www.cia.gov/library/publications/the-world-factbook/fields/2012.html
,Niue,2003,NU,2.69,million,6,USD,amount,https://www.cia.gov/library/publications/the-world-factbook/fields/2012.html
,Northern Mariana Islands,2012,MP,19.78,million,6,USD,amount,https://www.cia.gov/library/publications/the-world-factbook/fields/2012.html
,Norway,2016,NO,126.55,billion,9,USD,amount,https://www.cia.gov/library/publications/the-world-factbook/fields/2012.html
,Oman,2016,OM,78.59,billion,9,USD,amount,https://www.cia.gov/library/publications/the-world-factbook/fields/2012.html
,Pakistan,2016,PK,189.73,billion,9,USD,amount,https://www.cia.gov/library/publications/the-world-factbook/fields/2012.html
,Palau,2012,PW,55.2,million,6,USD,amount,https://www.cia.gov/library/publications/the-world-factbook/fields/2012.html
,Panama,2016,PA,13.32,billion,9,USD,amount,https://www.cia.gov/library/publications/the-world-factbook/fields/2012.html
,Papua New Guinea,2016,PG,10.54,billion,9,USD,amount,https://www.cia.gov/library/publications/the-world-factbook/fields/2012.html
,Paraguay,2016,PY,17.5,billion,9,USD,amount,https://www.cia.gov/library/publications/the-world-factbook/fields/2012.html
,Peru,2016,PE,140.19,billion,9,USD,amount,https://www.cia.gov/library/publications/the-world-factbook/fields/2012.html
,Philippines,2016,PH,244.58,billion,9,USD,amount,https://www.cia.gov/library/publications/the-world-factbook/fields/2012.html
,Poland,2016,PL,410.0,billion,9,USD,amount,https://www.cia.gov/library/publications/the-world-factbook/fields/2012.html
,Portugal,2016,PT,65.06,billion,9,USD,amount,https://www.cia.gov/library/publications/the-world-factbook/fields/2012.html
,Puerto Rico,2016,PR,65.63,billion,9,USD,amount,https://www.cia.gov/library/publications/the-world-factbook/fields/2012.html
,Qatar,2016,QA,170.93,billion,9,USD,amount,https://www.cia.gov/library/publications/the-world-factbook/fields/2012.html
,Romania,2016,RO,156.11,billion,9,USD,amount,https://www.cia.gov/library/publications/the-world-factbook/fields/2012.html
,Russia,2016,RU,1.24,trillion,12,USD,amount,https://www.cia.gov/library/publications/the-world-factbook/fields/2012.html
,Rwanda,2016,RW,3.32,billion,9,USD,amount,https://www.cia.gov/library/publications/the-world-factbook/fields/2012.html
,Saint Kitts and Nevis,2016,KN,390.0,million,6,USD,amount,https://www.cia.gov/library/publications/the-world-factbook/fields/2012.html
,Saint Lucia,2016,LC,290.0,million,6,USD,amount,https://www.cia.gov/library/publications/the-world-factbook/fields/2012.html
,Saint Pierre and Miquelon,2006,PM,32.3,million,6,USD,amount,https://www.cia.gov/library/publications/the-world-factbook/fields/2012.html
,Saint Vincent and the Grenadines,2016,VC,210.0,million,6,USD,amount,https://www.cia.gov/library/publications/the-world-factbook/fields/2012.html
,Samoa,2016,WS,250.0,million,6,USD,amount,https://www.cia.gov/library/publications/the-world-factbook/fields/2012.html
,San Marino,2009,SM,790.0,million,6,USD,amount,https://www.cia.gov/library/publications/the-world-factbook/fields/2012.html
,Sao Tome and Principe,2016,ST,71.48,million,6,USD,amount,https://www.cia.gov/library/publications/the-world-factbook/fields/2012.html
,Saudi Arabia,2016,SA,740.0,billion,9,USD,amount,https://www.cia.gov/library/publications/the-world-factbook/fields/2012.html
,Senegal,2016,SN,9.57,billion,9,USD,amount,https://www.cia.gov/library/publications/the-world-factbook/fields/2012.html
,Serbia,2016,RS,43.34,billion,9,USD,amount,https://www.cia.gov/library/publications/the-world-factbook/fields/2012.html
,Seychelles,2016,SC,360.0,million,6,USD,amount,https://www.cia.gov/library/publications/the-world-factbook/fields/2012.html
,Sierra Leone,2016,SL,840.0,million,6,USD,amount,https://www.cia.gov/library/publications/the-world-factbook/fields/2012.html
,Singapore,2016,SG,129.52,billion,9,USD,amount,https://www.cia.gov/library/publications/the-world-factbook/fields/2012.html
,Slovakia,2016,SK,53.44,billion,9,USD,amount,https://www.cia.gov/library/publications/the-world-factbook/fields/2012.html
,Slovenia,2016,SI,22.22,billion,9,USD,amount,https://www.cia.gov/library/publications/the-world-factbook/fields/2012.html
,Solomon Islands,2016,SB,100.0,million,6,USD,amount,https://www.cia.gov/library/publications/the-world-factbook/fields/2012.html
,Somalia,2013,SO,330.0,million,6,USD,amount,https://www.cia.gov/library/publications/the-world-factbook/fields/2012.html
,South Africa,2016,ZA,215.0,billion,9,USD,amount,https://www.cia.gov/library/publications/the-world-factbook/fields/2012.html
,Spain,2016,ES,380.0,billion,9,USD,amount,https://www.cia.gov/library/publications/the-world-factbook/fields/2012.html
,Sri Lanka,2016,LK,73.48,billion,9,USD,amount,https://www.cia.gov/library/publications/the-world-factbook/fields/2012.html
,Sudan,2016,SD,36.49,billion,9,USD,amount,https://www.cia.gov/library/publications/the-world-factbook/fields/2012.html
,Suriname,2016,SR,4.26,billion,9,USD,amount,https://www.cia.gov/library/publications/the-world-factbook/fields/2012.html
,Swaziland,2016,SZ,4.92,billion,9,USD,amount,https://www.cia.gov/library/publications/the-world-factbook/fields/2012.html
,Sweden,2016,SE,170.35,billion,9,USD,amount,https://www.cia.gov/library/publications/the-world-factbook/fields/2012.html
,Switzerland,2016,CH,128.02,billion,9,USD,amount,https://www.cia.gov/library/publications/the-world-factbook/fields/2012.html
,Syria,2016,SY,10.6,billion,9,USD,amount,https://www.cia.gov/library/publications/the-world-factbook/fields/2012.html
,Taiwan,2016,TW,410.0,billion,9,USD,amount,https://www.cia.gov/library/publications/the-world-factbook/fields/2012.html
,Tajikistan,2016,TJ,5.57,billion,9,USD,amount,https://www.cia.gov/library/publications/the-world-factbook/fields/2012.html
,Tanzania,2016,TZ,41.57,billion,9,USD,amount,https://www.cia.gov/library/publications/the-world-factbook/fields/2012.html
,Thailand,2016,TH,420.0,billion,9,USD,amount,https://www.cia.gov/library/publications/the-world-factbook/fields/2012.html
,Timor-Leste,2016,TL,3.38,billion,9,USD,amount,https://www.cia.gov/library/publications/the-world-factbook/fields/2012.html
,Togo,2016,TG,2.47,billion,9,USD,amount,https://www.cia.gov/library/publications/the-world-factbook/fields/2012.html
,Tonga,2016,TO,114.74,million,6,USD,amount,https://www.cia.gov/library/publications/the-world-factbook/fields/2012.html
,Trinidad and Tobago,2016,TT,6.06,billion,9,USD,amount,https://www.cia.gov/library/publications/the-world-factbook/fields/2012.html
,Tunisia,2016,TN,37.02,billion,9,USD,amount,https://www.cia.gov/library/publications/the-world-factbook/fields/2012.html
,Turkey,2016,TR,450.0,billion,9,USD,amount,https://www.cia.gov/library/publications/the-world-factbook/fields/2012.html
,Turkmenistan,2016,TM,45.21,billion,9,USD,amount,https://www.cia.gov/library/publications/the-world-factbook/fields/2012.html
,Turks and Caicos Islands,2016,TC,61.3,million,6,USD,amount,https://www.cia.gov/library/publications/the-world-factbook/fields/2012.html
,Tuvalu,2012,TV,2.18,million,6,USD,amount,https://www.cia.gov/library/publications/the-world-factbook/fields/2012.html
,Uganda,2016,UG,17.84,billion,9,USD,amount,https://www.cia.gov/library/publications/the-world-factbook/fields/2012.html
,Ukraine,2016,UA,92.0,billion,9,USD,amount,https://www.cia.gov/library/publications/the-world-factbook/fields/2012.html
,United Arab Emirates,2016,AE,297.57,billion,9,USD,amount,https://www.cia.gov/library/publications/the-world-factbook/fields/2012.html
,United Kingdom,2016,GB,540.0,billion,9,USD,amount,https://www.cia.gov/library/publications/the-world-factbook/fields/2012.html
,United States,2016,US,3.6,trillion,12,USD,amount,https://www.cia.gov/library/publications/the-world-factbook/fields/2012.html
,Uruguay,2016,UY,19.3,billion,9,USD,amount,https://www.cia.gov/library/publications/the-world-factbook/fields/2012.html
,Uzbekistan,2016,UZ,68.58,billion,9,USD,amount,https://www.cia.gov/library/publications/the-world-factbook/fields/2012.html
,Vanuatu,2016,VU,65.07,million,6,USD,amount,https://www.cia.gov/library/publications/the-world-factbook/fields/2012.html
,Venezuela,2016,VE,169.16,billion,9,USD,amount,https://www.cia.gov/library/publications/the-world-factbook/fields/2012.html
,Vietnam,2016,VN,232.01,billion,9,USD,amount,https://www.cia.gov/library/publications/the-world-factbook/fields/2012.html
,Virgin Islands,2012,VI,760.0,million,6,USD,amount,https://www.cia.gov/library/publications/the-world-factbook/fields/2012.html
,West Bank,2014,WB,15.15,billion,9,USD,amount,https://www.cia.gov/library/publications/the-world-factbook/fields/2012.html
,World,2016,World,36.18,trillion,12,USD,amount,https://www.cia.gov/library/publications/the-world-factbook/fields/2012.html
,Yemen,2016,YE,6.54,billion,9,USD,amount,https://www.cia.gov/library/publications/the-world-factbook/fields/2012.html
,Zambia,2016,ZM,19.03,billion,9,USD,amount,https://www.cia.gov/library/publications/the-world-factbook/fields/2012.html
,Zimbabwe,2016,ZW,8.05,billion,9,USD,amount,https://www.cia.gov/library/publications/the-world-factbook/fields/2012.html
