,Afghanistan,2016,AF,4.44,billion,9,USD,amount.~use,https://www.cia.gov/library/publications/the-world-factbook/fields/213.html
,Albania,2017,AL,10.57,billion,9,USD,amount.~use,https://www.cia.gov/library/publications/the-world-factbook/fields/213.html
,Algeria,2017,DZ,142.07,billion,9,USD,amount.~use,https://www.cia.gov/library/publications/the-world-factbook/fields/213.html
,American Samoa,2016,AS,433.49,million,6,USD,amount.~use,https://www.cia.gov/library/publications/the-world-factbook/fields/213.html
,Angola,2017,AO,51.79,billion,9,USD,amount.~use,https://www.cia.gov/library/publications/the-world-factbook/fields/213.html
,Anguilla,2017,AI,52.49,million,6,USD,amount.~use,https://www.cia.gov/library/publications/the-world-factbook/fields/213.html
,Antigua and Barbuda,2017,AG,1.64,billion,9,USD,amount.~use,https://www.cia.gov/library/publications/the-world-factbook/fields/213.html
,Argentina,2017,AR,102.28,billion,9,USD,amount.~use,https://www.cia.gov/library/publications/the-world-factbook/fields/213.html
,Armenia,2017,AM,10.02,billion,9,USD,amount.~use,https://www.cia.gov/library/publications/the-world-factbook/fields/213.html
,Aruba,2015,AW,2.9,billion,9,USD,amount.~use,https://www.cia.gov/library/publications/the-world-factbook/fields/213.html
,Australia,2017,AU,260.0,billion,9,USD,amount.~use,https://www.cia.gov/library/publications/the-world-factbook/fields/213.html
,Austria,2017,AT,228.72,billion,9,USD,amount.~use,https://www.cia.gov/library/publications/the-world-factbook/fields/213.html
,Azerbaijan,2017,AZ,86.49,billion,9,USD,amount.~use,https://www.cia.gov/library/publications/the-world-factbook/fields/213.html
,Bahrain,2017,BH,53.17,billion,9,USD,amount.~use,https://www.cia.gov/library/publications/the-world-factbook/fields/213.html
,Bangladesh,2017,BD,89.92,billion,9,USD,amount.~use,https://www.cia.gov/library/publications/the-world-factbook/fields/213.html
,Barbados,2017,BB,1.62,billion,9,USD,amount.~use,https://www.cia.gov/library/publications/the-world-factbook/fields/213.html
,Belarus,2017,BY,120.4,billion,9,USD,amount.~use,https://www.cia.gov/library/publications/the-world-factbook/fields/213.html
,Belgium,2017,BE,436.56,billion,9,USD,amount.~use,https://www.cia.gov/library/publications/the-world-factbook/fields/213.html
,Belize,2017,BZ,1.59,billion,9,USD,amount.~use,https://www.cia.gov/library/publications/the-world-factbook/fields/213.html
,Benin,2017,BJ,7.99,billion,9,USD,amount.~use,https://www.cia.gov/library/publications/the-world-factbook/fields/213.html
,Bermuda,2017,BM,2.59,billion,9,USD,amount.~use,https://www.cia.gov/library/publications/the-world-factbook/fields/213.html
,Bhutan,2017,BT,1.82,billion,9,USD,amount.~use,https://www.cia.gov/library/publications/the-world-factbook/fields/213.html
,Bolivia,2017,BO,18.12,billion,9,USD,amount.~use,https://www.cia.gov/library/publications/the-world-factbook/fields/213.html
,Bosnia and Herzegovina,2017,BA,16.97,billion,9,USD,amount.~use,https://www.cia.gov/library/publications/the-world-factbook/fields/213.html
,Botswana,2017,BW,15.74,billion,9,USD,amount.~use,https://www.cia.gov/library/publications/the-world-factbook/fields/213.html
,Brazil,2017,BR,410.0,billion,9,USD,amount.~use,https://www.cia.gov/library/publications/the-world-factbook/fields/213.html
,British Virgin Islands,2017,VG,473.5,million,6,USD,amount.~use,https://www.cia.gov/library/publications/the-world-factbook/fields/213.html
,Brunei,2017,BN,15.11,billion,9,USD,amount.~use,https://www.cia.gov/library/publications/the-world-factbook/fields/213.html
,Bulgaria,2017,BG,101.04,billion,9,USD,amount.~use,https://www.cia.gov/library/publications/the-world-factbook/fields/213.html
,Burkina Faso,2017,BF,10.13,billion,9,USD,amount.~use,https://www.cia.gov/library/publications/the-world-factbook/fields/213.html
,Burma,2017,MM,70.81,billion,9,USD,amount.~use,https://www.cia.gov/library/publications/the-world-factbook/fields/213.html
,Burundi,2017,BI,440.0,million,6,USD,amount.~use,https://www.cia.gov/library/publications/the-world-factbook/fields/213.html
,Cabo Verde,2017,CV,1.81,billion,9,USD,amount.~use,https://www.cia.gov/library/publications/the-world-factbook/fields/213.html
,Cambodia,2017,KH,44.05,billion,9,USD,amount.~use,https://www.cia.gov/library/publications/the-world-factbook/fields/213.html
,Cameroon,2017,CM,17.61,billion,9,USD,amount.~use,https://www.cia.gov/library/publications/the-world-factbook/fields/213.html
,Canada,2017,CA,550.0,billion,9,USD,amount.~use,https://www.cia.gov/library/publications/the-world-factbook/fields/213.html
,Cayman Islands,2017,KY,1.64,billion,9,USD,amount.~use,https://www.cia.gov/library/publications/the-world-factbook/fields/213.html
,Central African Republic,2017,CF,410.0,million,6,USD,amount.~use,https://www.cia.gov/library/publications/the-world-factbook/fields/213.html
,Chad,2017,TD,10.4,billion,9,USD,amount.~use,https://www.cia.gov/library/publications/the-world-factbook/fields/213.html
,Chile,2017,CL,129.75,billion,9,USD,amount.~use,https://www.cia.gov/library/publications/the-world-factbook/fields/213.html
,China,2017,CN,4.72,trillion,12,USD,amount.~use,https://www.cia.gov/library/publications/the-world-factbook/fields/213.html
,Colombia,2017,CO,104.03,billion,9,USD,amount.~use,https://www.cia.gov/library/publications/the-world-factbook/fields/213.html
,Comoros,2017,KM,230.0,million,6,USD,amount.~use,https://www.cia.gov/library/publications/the-world-factbook/fields/213.html
,Costa Rica,2017,CR,28.37,billion,9,USD,amount.~use,https://www.cia.gov/library/publications/the-world-factbook/fields/213.html
,Cote d'Ivoire,2017,CI,29.65,billion,9,USD,amount.~use,https://www.cia.gov/library/publications/the-world-factbook/fields/213.html
,Croatia,2017,HR,51.2,billion,9,USD,amount.~use,https://www.cia.gov/library/publications/the-world-factbook/fields/213.html
,Cuba,2017,CU,19.4,billion,9,USD,amount.~use,https://www.cia.gov/library/publications/the-world-factbook/fields/213.html
,Cyprus,2017,CY,19.9,billion,9,USD,amount.~use,https://www.cia.gov/library/publications/the-world-factbook/fields/213.html
,Czechia,2017,CZ,297.71,billion,9,USD,amount.~use,https://www.cia.gov/library/publications/the-world-factbook/fields/213.html
,Denmark,2017,DK,155.6,billion,9,USD,amount.~use,https://www.cia.gov/library/publications/the-world-factbook/fields/213.html
,Djibouti,2017,DJ,1.41,billion,9,USD,amount.~use,https://www.cia.gov/library/publications/the-world-factbook/fields/213.html
,Dominica,2017,DM,462.94,million,6,USD,amount.~use,https://www.cia.gov/library/publications/the-world-factbook/fields/213.html
,Dominican Republic,2017,DO,42.8,billion,9,USD,amount.~use,https://www.cia.gov/library/publications/the-world-factbook/fields/213.html
,Ecuador,2017,EC,39.21,billion,9,USD,amount.~use,https://www.cia.gov/library/publications/the-world-factbook/fields/213.html
,Egypt,2017,EG,200.0,billion,9,USD,amount.~use,https://www.cia.gov/library/publications/the-world-factbook/fields/213.html
,El Salvador,2017,SV,15.7,billion,9,USD,amount.~use,https://www.cia.gov/library/publications/the-world-factbook/fields/213.html
,Equatorial Guinea,2017,GQ,16.72,billion,9,USD,amount.~use,https://www.cia.gov/library/publications/the-world-factbook/fields/213.html
,Eritrea,2017,ER,1.05,billion,9,USD,amount.~use,https://www.cia.gov/library/publications/the-world-factbook/fields/213.html
,Estonia,2017,EE,31.81,billion,9,USD,amount.~use,https://www.cia.gov/library/publications/the-world-factbook/fields/213.html
,Ethiopia,2017,ET,15.86,billion,9,USD,amount.~use,https://www.cia.gov/library/publications/the-world-factbook/fields/213.html
,Faroe Islands,2013,FO,370.0,million,6,USD,amount.~use,https://www.cia.gov/library/publications/the-world-factbook/fields/213.html
,Fiji,2017,FJ,2.51,billion,9,USD,amount.~use,https://www.cia.gov/library/publications/the-world-factbook/fields/213.html
,Finland,2017,FI,93.32,billion,9,USD,amount.~use,https://www.cia.gov/library/publications/the-world-factbook/fields/213.html
,France,2017,FR,870.0,billion,9,USD,amount.~use,https://www.cia.gov/library/publications/the-world-factbook/fields/213.html
,French Polynesia,2014,PF,960.0,million,6,USD,amount.~use,https://www.cia.gov/library/publications/the-world-factbook/fields/213.html
,Gabon,2017,GA,17.16,billion,9,USD,amount.~use,https://www.cia.gov/library/publications/the-world-factbook/fields/213.html
,Georgia,2017,GE,19.82,billion,9,USD,amount.~use,https://www.cia.gov/library/publications/the-world-factbook/fields/213.html
,Germany,2017,DE,1.96,trillion,12,USD,amount.~use,https://www.cia.gov/library/publications/the-world-factbook/fields/213.html
,Ghana,2017,GH,55.99,billion,9,USD,amount.~use,https://www.cia.gov/library/publications/the-world-factbook/fields/213.html
,Greece,2017,GR,100.03,billion,9,USD,amount.~use,https://www.cia.gov/library/publications/the-world-factbook/fields/213.html
,Greenland,2015,GL,400.0,million,6,USD,amount.~use,https://www.cia.gov/library/publications/the-world-factbook/fields/213.html
,Grenada,2017,GD,950.0,million,6,USD,amount.~use,https://www.cia.gov/library/publications/the-world-factbook/fields/213.html
,Guam,2016,GU,950.0,million,6,USD,amount.~use,https://www.cia.gov/library/publications/the-world-factbook/fields/213.html
,Guatemala,2017,GT,26.0,billion,9,USD,amount.~use,https://www.cia.gov/library/publications/the-world-factbook/fields/213.html
,Guinea,2017,GN,5.79,billion,9,USD,amount.~use,https://www.cia.gov/library/publications/the-world-factbook/fields/213.html
,Guinea-Bissau,2017,GW,810.0,million,6,USD,amount.~use,https://www.cia.gov/library/publications/the-world-factbook/fields/213.html
,Guyana,2017,GY,3.04,billion,9,USD,amount.~use,https://www.cia.gov/library/publications/the-world-factbook/fields/213.html
,Haiti,2017,HT,3.98,billion,9,USD,amount.~use,https://www.cia.gov/library/publications/the-world-factbook/fields/213.html
,Honduras,2017,HN,19.92,billion,9,USD,amount.~use,https://www.cia.gov/library/publications/the-world-factbook/fields/213.html
,Hong Kong,2017,HK,851.64,billion,9,USD,amount.~use,https://www.cia.gov/library/publications/the-world-factbook/fields/213.html
,Hungary,2017,HU,255.81,billion,9,USD,amount.~use,https://www.cia.gov/library/publications/the-world-factbook/fields/213.html
,Iceland,2017,IS,8.33,billion,9,USD,amount.~use,https://www.cia.gov/library/publications/the-world-factbook/fields/213.html
,India,2017,IN,1.8,trillion,12,USD,amount.~use,https://www.cia.gov/library/publications/the-world-factbook/fields/213.html
,Indonesia,2017,ID,660.0,billion,9,USD,amount.~use,https://www.cia.gov/library/publications/the-world-factbook/fields/213.html
,Iran,2017,IR,420.0,billion,9,USD,amount.~use,https://www.cia.gov/library/publications/the-world-factbook/fields/213.html
,Iraq,2016,IQ,214.73,billion,9,USD,amount.~use,https://www.cia.gov/library/publications/the-world-factbook/fields/213.html
,Ireland,2017,IE,413.42,billion,9,USD,amount.~use,https://www.cia.gov/library/publications/the-world-factbook/fields/213.html
,Israel,2017,IL,91.21,billion,9,USD,amount.~use,https://www.cia.gov/library/publications/the-world-factbook/fields/213.html
,Italy,2017,IT,720.0,billion,9,USD,amount.~use,https://www.cia.gov/library/publications/the-world-factbook/fields/213.html
,Jamaica,2017,JM,7.89,billion,9,USD,amount.~use,https://www.cia.gov/library/publications/the-world-factbook/fields/213.html
,Japan,2017,JP,960.0,billion,9,USD,amount.~use,https://www.cia.gov/library/publications/the-world-factbook/fields/213.html
,Jordan,2017,JO,30.46,billion,9,USD,amount.~use,https://www.cia.gov/library/publications/the-world-factbook/fields/213.html
,Kazakhstan,2017,KZ,167.9,billion,9,USD,amount.~use,https://www.cia.gov/library/publications/the-world-factbook/fields/213.html
,Kenya,2017,KE,22.71,billion,9,USD,amount.~use,https://www.cia.gov/library/publications/the-world-factbook/fields/213.html
,Kosovo,2017,KV,5.23,billion,9,USD,amount.~use,https://www.cia.gov/library/publications/the-world-factbook/fields/213.html
,Kuwait,2017,KW,149.44,billion,9,USD,amount.~use,https://www.cia.gov/library/publications/the-world-factbook/fields/213.html
,Kyrgyzstan,2017,KG,8.99,billion,9,USD,amount.~use,https://www.cia.gov/library/publications/the-world-factbook/fields/213.html
,Laos,2017,LA,17.03,billion,9,USD,amount.~use,https://www.cia.gov/library/publications/the-world-factbook/fields/213.html
,Latvia,2017,LV,32.4,billion,9,USD,amount.~use,https://www.cia.gov/library/publications/the-world-factbook/fields/213.html
,Lebanon,2017,LB,20.74,billion,9,USD,amount.~use,https://www.cia.gov/library/publications/the-world-factbook/fields/213.html
,Lesotho,2017,LS,3.04,billion,9,USD,amount.~use,https://www.cia.gov/library/publications/the-world-factbook/fields/213.html
,Liberia,2016,LR,680.0,million,6,USD,amount.~use,https://www.cia.gov/library/publications/the-world-factbook/fields/213.html
,Libya,2017,LY,24.5,billion,9,USD,amount.~use,https://www.cia.gov/library/publications/the-world-factbook/fields/213.html
,Lithuania,2017,LT,73.95,billion,9,USD,amount.~use,https://www.cia.gov/library/publications/the-world-factbook/fields/213.html
,Luxembourg,2017,LU,148.1,billion,9,USD,amount.~use,https://www.cia.gov/library/publications/the-world-factbook/fields/213.html
,Macau,2017,MO,58.42,billion,9,USD,amount.~use,https://www.cia.gov/library/publications/the-world-factbook/fields/213.html
,Macedonia,2017,MK,17.04,billion,9,USD,amount.~use,https://www.cia.gov/library/publications/the-world-factbook/fields/213.html
,Madagascar,2017,MG,12.54,billion,9,USD,amount.~use,https://www.cia.gov/library/publications/the-world-factbook/fields/213.html
,Malawi,2017,MW,6.27,billion,9,USD,amount.~use,https://www.cia.gov/library/publications/the-world-factbook/fields/213.html
,Malaysia,2017,MY,661.24,billion,9,USD,amount.~use,https://www.cia.gov/library/publications/the-world-factbook/fields/213.html
,Maldives,2016,MV,6.45,billion,9,USD,amount.~use,https://www.cia.gov/library/publications/the-world-factbook/fields/213.html
,Mali,2017,ML,9.06,billion,9,USD,amount.~use,https://www.cia.gov/library/publications/the-world-factbook/fields/213.html
,Malta,2017,MT,25.22,billion,9,USD,amount.~use,https://www.cia.gov/library/publications/the-world-factbook/fields/213.html
,Marshall Islands,2016,MH,99.98,million,6,USD,amount.~use,https://www.cia.gov/library/publications/the-world-factbook/fields/213.html
,Mauritania,2017,MR,6.77,billion,9,USD,amount.~use,https://www.cia.gov/library/publications/the-world-factbook/fields/213.html
,Mauritius,2017,MU,11.55,billion,9,USD,amount.~use,https://www.cia.gov/library/publications/the-world-factbook/fields/213.html
,Mexico,2017,MX,910.0,billion,9,USD,amount.~use,https://www.cia.gov/library/publications/the-world-factbook/fields/213.html
,Moldova,2017,MD,8.53,billion,9,USD,amount.~use,https://www.cia.gov/library/publications/the-world-factbook/fields/213.html
,Mongolia,2017,MN,22.85,billion,9,USD,amount.~use,https://www.cia.gov/library/publications/the-world-factbook/fields/213.html
,Montenegro,2016,ME,4.4,billion,9,USD,amount.~use,https://www.cia.gov/library/publications/the-world-factbook/fields/213.html
,Montserrat,2017,MS,12.92,million,6,USD,amount.~use,https://www.cia.gov/library/publications/the-world-factbook/fields/213.html
,Morocco,2017,MA,111.34,billion,9,USD,amount.~use,https://www.cia.gov/library/publications/the-world-factbook/fields/213.html
,Mozambique,2017,MZ,14.32,billion,9,USD,amount.~use,https://www.cia.gov/library/publications/the-world-factbook/fields/213.html
,Namibia,2017,NA,9.92,billion,9,USD,amount.~use,https://www.cia.gov/library/publications/the-world-factbook/fields/213.html
,Nauru,2016,NR,17.81,million,6,USD,amount.~use,https://www.cia.gov/library/publications/the-world-factbook/fields/213.html
,Nepal,2017,NP,7.7,billion,9,USD,amount.~use,https://www.cia.gov/library/publications/the-world-factbook/fields/213.html
,Netherlands,2017,NL,759.62,billion,9,USD,amount.~use,https://www.cia.gov/library/publications/the-world-factbook/fields/213.html
,New Caledonia,2017,NC,2.01,billion,9,USD,amount.~use,https://www.cia.gov/library/publications/the-world-factbook/fields/213.html
,New Zealand,2017,NZ,50.14,billion,9,USD,amount.~use,https://www.cia.gov/library/publications/the-world-factbook/fields/213.html
,Nicaragua,2017,NI,14.92,billion,9,USD,amount.~use,https://www.cia.gov/library/publications/the-world-factbook/fields/213.html
,Niger,2017,NE,3.55,billion,9,USD,amount.~use,https://www.cia.gov/library/publications/the-world-factbook/fields/213.html
,Nigeria,2017,NG,130.0,billion,9,USD,amount.~use,https://www.cia.gov/library/publications/the-world-factbook/fields/213.html
,Northern Mariana Islands,2016,MP,501.95,million,6,USD,amount.~use,https://www.cia.gov/library/publications/the-world-factbook/fields/213.html
,Norway,2017,NO,133.44,billion,9,USD,amount.~use,https://www.cia.gov/library/publications/the-world-factbook/fields/213.html
,Oman,2017,OM,96.77,billion,9,USD,amount.~use,https://www.cia.gov/library/publications/the-world-factbook/fields/213.html
,Pakistan,2017,PK,90.0,billion,9,USD,amount.~use,https://www.cia.gov/library/publications/the-world-factbook/fields/213.html
,Palau,2016,PW,166.15,million,6,USD,amount.~use,https://www.cia.gov/library/publications/the-world-factbook/fields/213.html
,Panama,2017,PA,41.66,billion,9,USD,amount.~use,https://www.cia.gov/library/publications/the-world-factbook/fields/213.html
,Papua New Guinea,2017,PG,15.2,billion,9,USD,amount.~use,https://www.cia.gov/library/publications/the-world-factbook/fields/213.html
,Paraguay,2017,PY,31.71,billion,9,USD,amount.~use,https://www.cia.gov/library/publications/the-world-factbook/fields/213.html
,Peru,2017,PE,101.9,billion,9,USD,amount.~use,https://www.cia.gov/library/publications/the-world-factbook/fields/213.html
,Philippines,2017,PH,271.1,billion,9,USD,amount.~use,https://www.cia.gov/library/publications/the-world-factbook/fields/213.html
,Poland,2017,PL,600.0,billion,9,USD,amount.~use,https://www.cia.gov/library/publications/the-world-factbook/fields/213.html
,Portugal,2017,PT,134.17,billion,9,USD,amount.~use,https://www.cia.gov/library/publications/the-world-factbook/fields/213.html
,Puerto Rico,2017,PR,149.96,billion,9,USD,amount.~use,https://www.cia.gov/library/publications/the-world-factbook/fields/213.html
,Qatar,2017,QA,174.27,billion,9,USD,amount.~use,https://www.cia.gov/library/publications/the-world-factbook/fields/213.html
,Romania,2017,RO,196.24,billion,9,USD,amount.~use,https://www.cia.gov/library/publications/the-world-factbook/fields/213.html
,Russia,2017,RU,1.05,trillion,12,USD,amount.~use,https://www.cia.gov/library/publications/the-world-factbook/fields/213.html
,Rwanda,2017,RW,4.48,billion,9,USD,amount.~use,https://www.cia.gov/library/publications/the-world-factbook/fields/213.html
,Saint Kitts and Nevis,2017,KN,950.0,million,6,USD,amount.~use,https://www.cia.gov/library/publications/the-world-factbook/fields/213.html
,Saint Lucia,2017,LC,1.49,billion,9,USD,amount.~use,https://www.cia.gov/library/publications/the-world-factbook/fields/213.html
,Saint Vincent and the Grenadines,2017,VC,480.0,million,6,USD,amount.~use,https://www.cia.gov/library/publications/the-world-factbook/fields/213.html
,Samoa,2015,WS,310.0,million,6,USD,amount.~use,https://www.cia.gov/library/publications/the-world-factbook/fields/213.html
,San Marino,2011,SM,3.68,billion,9,USD,amount.~use,https://www.cia.gov/library/publications/the-world-factbook/fields/213.html
,Sao Tome and Principe,2017,ST,53.88,million,6,USD,amount.~use,https://www.cia.gov/library/publications/the-world-factbook/fields/213.html
,Saudi Arabia,2017,SA,620.0,billion,9,USD,amount.~use,https://www.cia.gov/library/publications/the-world-factbook/fields/213.html
,Senegal,2017,SN,11.63,billion,9,USD,amount.~use,https://www.cia.gov/library/publications/the-world-factbook/fields/213.html
,Serbia,2017,RS,55.97,billion,9,USD,amount.~use,https://www.cia.gov/library/publications/the-world-factbook/fields/213.html
,Seychelles,2017,SC,2.15,billion,9,USD,amount.~use,https://www.cia.gov/library/publications/the-world-factbook/fields/213.html
,Sierra Leone,2017,SL,3.15,billion,9,USD,amount.~use,https://www.cia.gov/library/publications/the-world-factbook/fields/213.html
,Singapore,2017,SG,890.24,billion,9,USD,amount.~use,https://www.cia.gov/library/publications/the-world-factbook/fields/213.html
,Slovakia,2017,SK,172.09,billion,9,USD,amount.~use,https://www.cia.gov/library/publications/the-world-factbook/fields/213.html
,Slovenia,2017,SI,57.91,billion,9,USD,amount.~use,https://www.cia.gov/library/publications/the-world-factbook/fields/213.html
,Solomon Islands,2011,SB,340.0,million,6,USD,amount.~use,https://www.cia.gov/library/publications/the-world-factbook/fields/213.html
,Somalia,2015,SO,50.0,million,6,USD,amount.~use,https://www.cia.gov/library/publications/the-world-factbook/fields/213.html
,South Africa,2017,ZA,225.68,billion,9,USD,amount.~use,https://www.cia.gov/library/publications/the-world-factbook/fields/213.html
,South Sudan,2011,SS,12.82,billion,9,USD,amount.~use,https://www.cia.gov/library/publications/the-world-factbook/fields/213.html
,Spain,2017,ES,600.0,billion,9,USD,amount.~use,https://www.cia.gov/library/publications/the-world-factbook/fields/213.html
,Sri Lanka,2017,LK,60.93,billion,9,USD,amount.~use,https://www.cia.gov/library/publications/the-world-factbook/fields/213.html
,Sudan,2017,SD,18.12,billion,9,USD,amount.~use,https://www.cia.gov/library/publications/the-world-factbook/fields/213.html
,Suriname,2017,SR,5.46,billion,9,USD,amount.~use,https://www.cia.gov/library/publications/the-world-factbook/fields/213.html
,Sweden,2017,SE,236.33,billion,9,USD,amount.~use,https://www.cia.gov/library/publications/the-world-factbook/fields/213.html
,Switzerland,2017,CH,336.37,billion,9,USD,amount.~use,https://www.cia.gov/library/publications/the-world-factbook/fields/213.html
,Syria,2017,SY,8.1,billion,9,USD,amount.~use,https://www.cia.gov/library/publications/the-world-factbook/fields/213.html
,Taiwan,2017,TW,770.0,billion,9,USD,amount.~use,https://www.cia.gov/library/publications/the-world-factbook/fields/213.html
,Tajikistan,2017,TJ,2.96,billion,9,USD,amount.~use,https://www.cia.gov/library/publications/the-world-factbook/fields/213.html
,Tanzania,2017,TZ,29.47,billion,9,USD,amount.~use,https://www.cia.gov/library/publications/the-world-factbook/fields/213.html
,Thailand,2017,TH,840.0,billion,9,USD,amount.~use,https://www.cia.gov/library/publications/the-world-factbook/fields/213.html
,Timor-Leste,2017,TL,4.87,billion,9,USD,amount.~use,https://www.cia.gov/library/publications/the-world-factbook/fields/213.html
,Togo,2017,TG,5.36,billion,9,USD,amount.~use,https://www.cia.gov/library/publications/the-world-factbook/fields/213.html
,Tonga,2017,TO,133.84,million,6,USD,amount.~use,https://www.cia.gov/library/publications/the-world-factbook/fields/213.html
,Trinidad and Tobago,2017,TT,19.42,billion,9,USD,amount.~use,https://www.cia.gov/library/publications/the-world-factbook/fields/213.html
,Tunisia,2017,TN,58.71,billion,9,USD,amount.~use,https://www.cia.gov/library/publications/the-world-factbook/fields/213.html
,Turkey,2017,TR,530.0,billion,9,USD,amount.~use,https://www.cia.gov/library/publications/the-world-factbook/fields/213.html
,Turkmenistan,2017,TM,27.12,billion,9,USD,amount.~use,https://www.cia.gov/library/publications/the-world-factbook/fields/213.html
,Turks and Caicos Islands,2017,TC,439.24,million,6,USD,amount.~use,https://www.cia.gov/library/publications/the-world-factbook/fields/213.html
,Tuvalu,2016,TV,18.35,million,6,USD,amount.~use,https://www.cia.gov/library/publications/the-world-factbook/fields/213.html
,Uganda,2017,UG,16.66,billion,9,USD,amount.~use,https://www.cia.gov/library/publications/the-world-factbook/fields/213.html
,Ukraine,2017,UA,175.51,billion,9,USD,amount.~use,https://www.cia.gov/library/publications/the-world-factbook/fields/213.html
,United Arab Emirates,2017,AE,694.67,billion,9,USD,amount.~use,https://www.cia.gov/library/publications/the-world-factbook/fields/213.html
,United Kingdom,2017,GB,870.0,billion,9,USD,amount.~use,https://www.cia.gov/library/publications/the-world-factbook/fields/213.html
,United States,2017,US,2.34,trillion,12,USD,amount.~use,https://www.cia.gov/library/publications/the-world-factbook/fields/213.html
,Uruguay,2017,UY,16.94,billion,9,USD,amount.~use,https://www.cia.gov/library/publications/the-world-factbook/fields/213.html
,Uzbekistan,2017,UZ,42.12,billion,9,USD,amount.~use,https://www.cia.gov/library/publications/the-world-factbook/fields/213.html
,Vanuatu,2017,VU,334.48,million,6,USD,amount.~use,https://www.cia.gov/library/publications/the-world-factbook/fields/213.html
,Venezuela,2017,VE,27.26,billion,9,USD,amount.~use,https://www.cia.gov/library/publications/the-world-factbook/fields/213.html
,Vietnam,2017,VN,643.9,billion,9,USD,amount.~use,https://www.cia.gov/library/publications/the-world-factbook/fields/213.html
,Virgin Islands,2016,VI,1.77,billion,9,USD,amount.~use,https://www.cia.gov/library/publications/the-world-factbook/fields/213.html
,Wallis and Futuna,2005,WF,32.4,million,6,USD,amount.~use,https://www.cia.gov/library/publications/the-world-factbook/fields/213.html
,West Bank,2017,WB,4.24,billion,9,USD,amount.~use,https://www.cia.gov/library/publications/the-world-factbook/fields/213.html
,World,2017,World,36.58,trillion,12,USD,amount.~use,https://www.cia.gov/library/publications/the-world-factbook/fields/213.html
,Yemen,2017,YE,5.17,billion,9,USD,amount.~use,https://www.cia.gov/library/publications/the-world-factbook/fields/213.html
,Zambia,2017,ZM,29.63,billion,9,USD,amount.~use,https://www.cia.gov/library/publications/the-world-factbook/fields/213.html
,Zimbabwe,2017,ZW,8.67,billion,9,USD,amount.~use,https://www.cia.gov/library/publications/the-world-factbook/fields/213.html
