,Afghanistan,2014,AF,75.49,billion,9,USD,amount.~use,https://www.cia.gov/library/publications/the-world-factbook/fields/2259.html
,Albania,2017,AL,27.84,billion,9,USD,amount.~use,https://www.cia.gov/library/publications/the-world-factbook/fields/2259.html
,Algeria,2017,DZ,268.71,billion,9,USD,amount.~use,https://www.cia.gov/library/publications/the-world-factbook/fields/2259.html
,American Samoa,2013,AS,388.21,million,6,USD,amount.~use,https://www.cia.gov/library/publications/the-world-factbook/fields/2259.html
,Angola,2017,AO,145.15,billion,9,USD,amount.~use,https://www.cia.gov/library/publications/the-world-factbook/fields/2259.html
,Anguilla,2017,AI,125.06,million,6,USD,amount.~use,https://www.cia.gov/library/publications/the-world-factbook/fields/2259.html
,Antigua and Barbuda,2017,AG,1.63,billion,9,USD,amount.~use,https://www.cia.gov/library/publications/the-world-factbook/fields/2259.html
,Argentina,2017,AR,606.15,billion,9,USD,amount.~use,https://www.cia.gov/library/publications/the-world-factbook/fields/2259.html
,Armenia,2017,AM,20.84,billion,9,USD,amount.~use,https://www.cia.gov/library/publications/the-world-factbook/fields/2259.html
,Aruba,2014,AW,1.52,billion,9,USD,amount.~use,https://www.cia.gov/library/publications/the-world-factbook/fields/2259.html
,Australia,2017,AU,710.0,billion,9,USD,amount.~use,https://www.cia.gov/library/publications/the-world-factbook/fields/2259.html
,Austria,2017,AT,226.17,billion,9,USD,amount.~use,https://www.cia.gov/library/publications/the-world-factbook/fields/2259.html
,Azerbaijan,2017,AZ,89.91,billion,9,USD,amount.~use,https://www.cia.gov/library/publications/the-world-factbook/fields/2259.html
,Bahamas The,2017,BS,6.2,billion,9,USD,amount.~use,https://www.cia.gov/library/publications/the-world-factbook/fields/2259.html
,Bahrain,2017,BH,31.95,billion,9,USD,amount.~use,https://www.cia.gov/library/publications/the-world-factbook/fields/2259.html
,Bangladesh,2017,BD,463.39,billion,9,USD,amount.~use,https://www.cia.gov/library/publications/the-world-factbook/fields/2259.html
,Barbados,2017,BB,4.04,billion,9,USD,amount.~use,https://www.cia.gov/library/publications/the-world-factbook/fields/2259.html
,Belarus,2017,BY,96.39,billion,9,USD,amount.~use,https://www.cia.gov/library/publications/the-world-factbook/fields/2259.html
,Belgium,2017,BE,267.41,billion,9,USD,amount.~use,https://www.cia.gov/library/publications/the-world-factbook/fields/2259.html
,Belize,2017,BZ,2.44,billion,9,USD,amount.~use,https://www.cia.gov/library/publications/the-world-factbook/fields/2259.html
,Benin,2017,BJ,17.45,billion,9,USD,amount.~use,https://www.cia.gov/library/publications/the-world-factbook/fields/2259.html
,Bermuda,2017,BM,2.82,billion,9,USD,amount.~use,https://www.cia.gov/library/publications/the-world-factbook/fields/2259.html
,Bhutan,2017,BT,3.51,billion,9,USD,amount.~use,https://www.cia.gov/library/publications/the-world-factbook/fields/2259.html
,Bolivia,2017,BO,57.62,billion,9,USD,amount.~use,https://www.cia.gov/library/publications/the-world-factbook/fields/2259.html
,Bosnia and Herzegovina,2017,BA,34.55,billion,9,USD,amount.~use,https://www.cia.gov/library/publications/the-world-factbook/fields/2259.html
,Botswana,2017,BW,18.51,billion,9,USD,amount.~use,https://www.cia.gov/library/publications/the-world-factbook/fields/2259.html
,Brazil,2017,BR,2.04,trillion,12,USD,amount.~use,https://www.cia.gov/library/publications/the-world-factbook/fields/2259.html
,British Virgin Islands,2017,VG,125.5,million,6,USD,amount.~use,https://www.cia.gov/library/publications/the-world-factbook/fields/2259.html
,Brunei,2017,BN,7.57,billion,9,USD,amount.~use,https://www.cia.gov/library/publications/the-world-factbook/fields/2259.html
,Bulgaria,2017,BG,94.03,billion,9,USD,amount.~use,https://www.cia.gov/library/publications/the-world-factbook/fields/2259.html
,Burkina Faso,2017,BF,20.23,billion,9,USD,amount.~use,https://www.cia.gov/library/publications/the-world-factbook/fields/2259.html
,Burma,2017,MM,167.44,billion,9,USD,amount.~use,https://www.cia.gov/library/publications/the-world-factbook/fields/2259.html
,Burundi,2017,BI,6.43,billion,9,USD,amount.~use,https://www.cia.gov/library/publications/the-world-factbook/fields/2259.html
,Cabo Verde,2017,CV,2.01,billion,9,USD,amount.~use,https://www.cia.gov/library/publications/the-world-factbook/fields/2259.html
,Cambodia,2017,KH,49.06,billion,9,USD,amount.~use,https://www.cia.gov/library/publications/the-world-factbook/fields/2259.html
,Cameroon,2017,CM,58.15,billion,9,USD,amount.~use,https://www.cia.gov/library/publications/the-world-factbook/fields/2259.html
,Canada,2017,CA,1.02,trillion,12,USD,amount.~use,https://www.cia.gov/library/publications/the-world-factbook/fields/2259.html
,Cayman Islands,2017,KY,1.56,billion,9,USD,amount.~use,https://www.cia.gov/library/publications/the-world-factbook/fields/2259.html
,Central African Republic,2017,CF,3.27,billion,9,USD,amount.~use,https://www.cia.gov/library/publications/the-world-factbook/fields/2259.html
,Chad,2017,TD,22.14,billion,9,USD,amount.~use,https://www.cia.gov/library/publications/the-world-factbook/fields/2259.html
,Chile,2017,CL,288.89,billion,9,USD,amount.~use,https://www.cia.gov/library/publications/the-world-factbook/fields/2259.html
,China,2017,CN,9.04,trillion,12,USD,amount.~use,https://www.cia.gov/library/publications/the-world-factbook/fields/2259.html
,Colombia,2017,CO,442.46,billion,9,USD,amount.~use,https://www.cia.gov/library/publications/the-world-factbook/fields/2259.html
,Comoros,2017,KM,1.38,billion,9,USD,amount.~use,https://www.cia.gov/library/publications/the-world-factbook/fields/2259.html
,Congo Democratic Republic of the,2017,CD,51.94,billion,9,USD,amount.~use,https://www.cia.gov/library/publications/the-world-factbook/fields/2259.html
,Congo Republic of the,2017,CG,15.98,billion,9,USD,amount.~use,https://www.cia.gov/library/publications/the-world-factbook/fields/2259.html
,Costa Rica,2017,CR,54.19,billion,9,USD,amount.~use,https://www.cia.gov/library/publications/the-world-factbook/fields/2259.html
,Cote d'Ivoire,2017,CI,59.4,billion,9,USD,amount.~use,https://www.cia.gov/library/publications/the-world-factbook/fields/2259.html
,Croatia,2017,HR,58.22,billion,9,USD,amount.~use,https://www.cia.gov/library/publications/the-world-factbook/fields/2259.html
,Cuba,2017,CU,77.35,billion,9,USD,amount.~use,https://www.cia.gov/library/publications/the-world-factbook/fields/2259.html
,Cyprus,2017,CY,21.65,billion,9,USD,amount.~use,https://www.cia.gov/library/publications/the-world-factbook/fields/2259.html
,Czechia,2017,CZ,177.73,billion,9,USD,amount.~use,https://www.cia.gov/library/publications/the-world-factbook/fields/2259.html
,Denmark,2017,DK,137.04,billion,9,USD,amount.~use,https://www.cia.gov/library/publications/the-world-factbook/fields/2259.html
,Djibouti,2017,DJ,2.06,billion,9,USD,amount.~use,https://www.cia.gov/library/publications/the-world-factbook/fields/2259.html
,Dominica,2017,DM,618.68,million,6,USD,amount.~use,https://www.cia.gov/library/publications/the-world-factbook/fields/2259.html
,Dominican Republic,2017,DO,120.47,billion,9,USD,amount.~use,https://www.cia.gov/library/publications/the-world-factbook/fields/2259.html
,Ecuador,2017,EC,121.21,billion,9,USD,amount.~use,https://www.cia.gov/library/publications/the-world-factbook/fields/2259.html
,Egypt,2017,EG,950.0,billion,9,USD,amount.~use,https://www.cia.gov/library/publications/the-world-factbook/fields/2259.html
,El Salvador,2017,SV,50.36,billion,9,USD,amount.~use,https://www.cia.gov/library/publications/the-world-factbook/fields/2259.html
,Equatorial Guinea,2017,GQ,14.07,billion,9,USD,amount.~use,https://www.cia.gov/library/publications/the-world-factbook/fields/2259.html
,Eritrea,2017,ER,7.78,billion,9,USD,amount.~use,https://www.cia.gov/library/publications/the-world-factbook/fields/2259.html
,Estonia,2017,EE,21.51,billion,9,USD,amount.~use,https://www.cia.gov/library/publications/the-world-factbook/fields/2259.html
,Ethiopia,2017,ET,138.04,billion,9,USD,amount.~use,https://www.cia.gov/library/publications/the-world-factbook/fields/2259.html
,Fiji,2017,FJ,6.19,billion,9,USD,amount.~use,https://www.cia.gov/library/publications/the-world-factbook/fields/2259.html
,Finland,2017,FI,132.84,billion,9,USD,amount.~use,https://www.cia.gov/library/publications/the-world-factbook/fields/2259.html
,France,2017,FR,1.55,trillion,12,USD,amount.~use,https://www.cia.gov/library/publications/the-world-factbook/fields/2259.html
,Gabon,2017,GA,14.66,billion,9,USD,amount.~use,https://www.cia.gov/library/publications/the-world-factbook/fields/2259.html
,Gambia The,2017,GM,3.12,billion,9,USD,amount.~use,https://www.cia.gov/library/publications/the-world-factbook/fields/2259.html
,Georgia,2017,GE,24.93,billion,9,USD,amount.~use,https://www.cia.gov/library/publications/the-world-factbook/fields/2259.html
,Germany,2017,DE,2.23,trillion,12,USD,amount.~use,https://www.cia.gov/library/publications/the-world-factbook/fields/2259.html
,Ghana,2017,GH,106.89,billion,9,USD,amount.~use,https://www.cia.gov/library/publications/the-world-factbook/fields/2259.html
,Greece,2017,GR,219.53,billion,9,USD,amount.~use,https://www.cia.gov/library/publications/the-world-factbook/fields/2259.html
,Greenland,2015,GL,540.0,million,6,USD,amount.~use,https://www.cia.gov/library/publications/the-world-factbook/fields/2259.html
,Grenada,2017,GD,1.34,billion,9,USD,amount.~use,https://www.cia.gov/library/publications/the-world-factbook/fields/2259.html
,Guam,2013,GU,3.11,billion,9,USD,amount.~use,https://www.cia.gov/library/publications/the-world-factbook/fields/2259.html
,Guatemala,2017,GT,118.11,billion,9,USD,amount.~use,https://www.cia.gov/library/publications/the-world-factbook/fields/2259.html
,Guinea,2017,GN,28.06,billion,9,USD,amount.~use,https://www.cia.gov/library/publications/the-world-factbook/fields/2259.html
,Guinea-Bissau,2017,GW,2.66,billion,9,USD,amount.~use,https://www.cia.gov/library/publications/the-world-factbook/fields/2259.html
,Guyana,2017,GY,4.67,billion,9,USD,amount.~use,https://www.cia.gov/library/publications/the-world-factbook/fields/2259.html
,Haiti,2017,HT,19.7,billion,9,USD,amount.~use,https://www.cia.gov/library/publications/the-world-factbook/fields/2259.html
,Honduras,2017,HN,35.63,billion,9,USD,amount.~use,https://www.cia.gov/library/publications/the-world-factbook/fields/2259.html
,Hong Kong,2017,HK,301.7,billion,9,USD,amount.~use,https://www.cia.gov/library/publications/the-world-factbook/fields/2259.html
,Hungary,2017,HU,148.32,billion,9,USD,amount.~use,https://www.cia.gov/library/publications/the-world-factbook/fields/2259.html
,Iceland,2017,IS,8.69,billion,9,USD,amount.~use,https://www.cia.gov/library/publications/the-world-factbook/fields/2259.html
,India,2017,IN,5.55,trillion,12,USD,amount.~use,https://www.cia.gov/library/publications/the-world-factbook/fields/2259.html
,Indonesia,2017,ID,1.86,trillion,12,USD,amount.~use,https://www.cia.gov/library/publications/the-world-factbook/fields/2259.html
,Iran,2017,IR,820.0,billion,9,USD,amount.~use,https://www.cia.gov/library/publications/the-world-factbook/fields/2259.html
,Iraq,2013,IQ,332.99,billion,9,USD,amount.~use,https://www.cia.gov/library/publications/the-world-factbook/fields/2259.html
,Ireland,2017,IE,119.3,billion,9,USD,amount.~use,https://www.cia.gov/library/publications/the-world-factbook/fields/2259.html
,Israel,2017,IL,174.84,billion,9,USD,amount.~use,https://www.cia.gov/library/publications/the-world-factbook/fields/2259.html
,Italy,2017,IT,1.39,trillion,12,USD,amount.~use,https://www.cia.gov/library/publications/the-world-factbook/fields/2259.html
,Jamaica,2017,JM,21.46,billion,9,USD,amount.~use,https://www.cia.gov/library/publications/the-world-factbook/fields/2259.html
,Japan,2017,JP,3.02,trillion,12,USD,amount.~use,https://www.cia.gov/library/publications/the-world-factbook/fields/2259.html
,Jordan,2017,JO,70.44,billion,9,USD,amount.~use,https://www.cia.gov/library/publications/the-world-factbook/fields/2259.html
,Kazakhstan,2017,KZ,272.72,billion,9,USD,amount.~use,https://www.cia.gov/library/publications/the-world-factbook/fields/2259.html
,Kenya,2017,KE,125.82,billion,9,USD,amount.~use,https://www.cia.gov/library/publications/the-world-factbook/fields/2259.html
,Korea South,2017,KR,970.0,billion,9,USD,amount.~use,https://www.cia.gov/library/publications/the-world-factbook/fields/2259.html
,Kosovo,2012,KV,17.54,billion,9,USD,amount.~use,https://www.cia.gov/library/publications/the-world-factbook/fields/2259.html
,Kuwait,2017,KW,130.07,billion,9,USD,amount.~use,https://www.cia.gov/library/publications/the-world-factbook/fields/2259.html
,Kyrgyzstan,2017,KG,19.43,billion,9,USD,amount.~use,https://www.cia.gov/library/publications/the-world-factbook/fields/2259.html
,Laos,2017,LA,30.81,billion,9,USD,amount.~use,https://www.cia.gov/library/publications/the-world-factbook/fields/2259.html
,Latvia,2017,LV,33.74,billion,9,USD,amount.~use,https://www.cia.gov/library/publications/the-world-factbook/fields/2259.html
,Lebanon,2017,LB,73.48,billion,9,USD,amount.~use,https://www.cia.gov/library/publications/the-world-factbook/fields/2259.html
,Lesotho,2017,LS,5.15,billion,9,USD,amount.~use,https://www.cia.gov/library/publications/the-world-factbook/fields/2259.html
,Liberia,2016,LR,5.03,billion,9,USD,amount.~use,https://www.cia.gov/library/publications/the-world-factbook/fields/2259.html
,Libya,2017,LY,48.05,billion,9,USD,amount.~use,https://www.cia.gov/library/publications/the-world-factbook/fields/2259.html
,Lithuania,2017,LT,60.09,billion,9,USD,amount.~use,https://www.cia.gov/library/publications/the-world-factbook/fields/2259.html
,Luxembourg,2017,LU,18.16,billion,9,USD,amount.~use,https://www.cia.gov/library/publications/the-world-factbook/fields/2259.html
,Macau,2017,MO,18.03,billion,9,USD,amount.~use,https://www.cia.gov/library/publications/the-world-factbook/fields/2259.html
,Macedonia,2017,MK,20.7,billion,9,USD,amount.~use,https://www.cia.gov/library/publications/the-world-factbook/fields/2259.html
,Madagascar,2017,MG,30.02,billion,9,USD,amount.~use,https://www.cia.gov/library/publications/the-world-factbook/fields/2259.html
,Malawi,2017,MW,18.61,billion,9,USD,amount.~use,https://www.cia.gov/library/publications/the-world-factbook/fields/2259.html
,Malaysia,2017,MY,513.06,billion,9,USD,amount.~use,https://www.cia.gov/library/publications/the-world-factbook/fields/2259.html
,Mali,2017,ML,29.46,billion,9,USD,amount.~use,https://www.cia.gov/library/publications/the-world-factbook/fields/2259.html
,Malta,2017,MT,9.1,billion,9,USD,amount.~use,https://www.cia.gov/library/publications/the-world-factbook/fields/2259.html
,Mauritania,2017,MR,9.88,billion,9,USD,amount.~use,https://www.cia.gov/library/publications/the-world-factbook/fields/2259.html
,Mauritius,2017,MU,20.99,billion,9,USD,amount.~use,https://www.cia.gov/library/publications/the-world-factbook/fields/2259.html
,Mexico,2017,MX,1.64,trillion,12,USD,amount.~use,https://www.cia.gov/library/publications/the-world-factbook/fields/2259.html
,Micronesia Federated States of,2013,FM,289.75,million,6,USD,amount.~use,https://www.cia.gov/library/publications/the-world-factbook/fields/2259.html
,Moldova,2017,MD,18.06,billion,9,USD,amount.~use,https://www.cia.gov/library/publications/the-world-factbook/fields/2259.html
,Mongolia,2017,MN,19.93,billion,9,USD,amount.~use,https://www.cia.gov/library/publications/the-world-factbook/fields/2259.html
,Montenegro,2013,ME,8.88,billion,9,USD,amount.~use,https://www.cia.gov/library/publications/the-world-factbook/fields/2259.html
,Montserrat,2017,MS,39.1,million,6,USD,amount.~use,https://www.cia.gov/library/publications/the-world-factbook/fields/2259.html
,Morocco,2017,MA,174.06,billion,9,USD,amount.~use,https://www.cia.gov/library/publications/the-world-factbook/fields/2259.html
,Mozambique,2017,MZ,25.16,billion,9,USD,amount.~use,https://www.cia.gov/library/publications/the-world-factbook/fields/2259.html
,Namibia,2017,NA,19.43,billion,9,USD,amount.~use,https://www.cia.gov/library/publications/the-world-factbook/fields/2259.html
,Nepal,2017,NP,59.86,billion,9,USD,amount.~use,https://www.cia.gov/library/publications/the-world-factbook/fields/2259.html
,Netherlands,2017,NL,406.35,billion,9,USD,amount.~use,https://www.cia.gov/library/publications/the-world-factbook/fields/2259.html
,New Caledonia,2017,NC,7.0,billion,9,USD,amount.~use,https://www.cia.gov/library/publications/the-world-factbook/fields/2259.html
,New Zealand,2017,NZ,106.03,billion,9,USD,amount.~use,https://www.cia.gov/library/publications/the-world-factbook/fields/2259.html
,Nicaragua,2017,NI,25.64,billion,9,USD,amount.~use,https://www.cia.gov/library/publications/the-world-factbook/fields/2259.html
,Niger,2017,NE,14.44,billion,9,USD,amount.~use,https://www.cia.gov/library/publications/the-world-factbook/fields/2259.html
,Nigeria,2017,NG,880.0,billion,9,USD,amount.~use,https://www.cia.gov/library/publications/the-world-factbook/fields/2259.html
,Northern Mariana Islands,2013,MP,622.67,million,6,USD,amount.~use,https://www.cia.gov/library/publications/the-world-factbook/fields/2259.html
,Norway,2017,NO,168.03,billion,9,USD,amount.~use,https://www.cia.gov/library/publications/the-world-factbook/fields/2259.html
,Oman,2017,OM,64.83,billion,9,USD,amount.~use,https://www.cia.gov/library/publications/the-world-factbook/fields/2259.html
,Pakistan,2017,PK,860.0,billion,9,USD,amount.~use,https://www.cia.gov/library/publications/the-world-factbook/fields/2259.html
,Palau,2016,PW,182.41,million,6,USD,amount.~use,https://www.cia.gov/library/publications/the-world-factbook/fields/2259.html
,Panama,2017,PA,47.93,billion,9,USD,amount.~use,https://www.cia.gov/library/publications/the-world-factbook/fields/2259.html
,Papua New Guinea,2017,PG,13.88,billion,9,USD,amount.~use,https://www.cia.gov/library/publications/the-world-factbook/fields/2259.html
,Paraguay,2017,PY,45.32,billion,9,USD,amount.~use,https://www.cia.gov/library/publications/the-world-factbook/fields/2259.html
,Peru,2017,PE,277.26,billion,9,USD,amount.~use,https://www.cia.gov/library/publications/the-world-factbook/fields/2259.html
,Philippines,2017,PH,635.76,billion,9,USD,amount.~use,https://www.cia.gov/library/publications/the-world-factbook/fields/2259.html
,Poland,2017,PL,650.0,billion,9,USD,amount.~use,https://www.cia.gov/library/publications/the-world-factbook/fields/2259.html
,Portugal,2017,PT,204.52,billion,9,USD,amount.~use,https://www.cia.gov/library/publications/the-world-factbook/fields/2259.html
,Puerto Rico,2017,PR,111.64,billion,9,USD,amount.~use,https://www.cia.gov/library/publications/the-world-factbook/fields/2259.html
,Qatar,2017,QA,84.74,billion,9,USD,amount.~use,https://www.cia.gov/library/publications/the-world-factbook/fields/2259.html
,Romania,2017,RO,334.64,billion,9,USD,amount.~use,https://www.cia.gov/library/publications/the-world-factbook/fields/2259.html
,Russia,2017,RU,2.1,trillion,12,USD,amount.~use,https://www.cia.gov/library/publications/the-world-factbook/fields/2259.html
,Rwanda,2017,RW,19.2,billion,9,USD,amount.~use,https://www.cia.gov/library/publications/the-world-factbook/fields/2259.html
,Saint Kitts and Nevis,2017,KN,900.0,million,6,USD,amount.~use,https://www.cia.gov/library/publications/the-world-factbook/fields/2259.html
,Saint Lucia,2017,LC,1.69,billion,9,USD,amount.~use,https://www.cia.gov/library/publications/the-world-factbook/fields/2259.html
,Saint Vincent and the Grenadines,2017,VC,1.12,billion,9,USD,amount.~use,https://www.cia.gov/library/publications/the-world-factbook/fields/2259.html
,Sao Tome and Principe,2017,ST,555.83,million,6,USD,amount.~use,https://www.cia.gov/library/publications/the-world-factbook/fields/2259.html
,Saudi Arabia,2017,SA,740.0,billion,9,USD,amount.~use,https://www.cia.gov/library/publications/the-world-factbook/fields/2259.html
,Senegal,2017,SN,32.95,billion,9,USD,amount.~use,https://www.cia.gov/library/publications/the-world-factbook/fields/2259.html
,Serbia,2017,RS,83.36,billion,9,USD,amount.~use,https://www.cia.gov/library/publications/the-world-factbook/fields/2259.html
,Seychelles,2017,SC,1.29,billion,9,USD,amount.~use,https://www.cia.gov/library/publications/the-world-factbook/fields/2259.html
,Sierra Leone,2017,SL,12.0,billion,9,USD,amount.~use,https://www.cia.gov/library/publications/the-world-factbook/fields/2259.html
,Singapore,2017,SG,178.25,billion,9,USD,amount.~use,https://www.cia.gov/library/publications/the-world-factbook/fields/2259.html
,Slovakia,2017,SK,98.64,billion,9,USD,amount.~use,https://www.cia.gov/library/publications/the-world-factbook/fields/2259.html
,Slovenia,2017,SI,36.59,billion,9,USD,amount.~use,https://www.cia.gov/library/publications/the-world-factbook/fields/2259.html
,Somalia,2014,SO,12.6,billion,9,USD,amount.~use,https://www.cia.gov/library/publications/the-world-factbook/fields/2259.html
,South Africa,2017,ZA,452.87,billion,9,USD,amount.~use,https://www.cia.gov/library/publications/the-world-factbook/fields/2259.html
,South Sudan,2011,SS,6.89,billion,9,USD,amount.~use,https://www.cia.gov/library/publications/the-world-factbook/fields/2259.html
,Spain,2017,ES,1.01,trillion,12,USD,amount.~use,https://www.cia.gov/library/publications/the-world-factbook/fields/2259.html
,Sri Lanka,2017,LK,188.9,billion,9,USD,amount.~use,https://www.cia.gov/library/publications/the-world-factbook/fields/2259.html
,Sudan,2017,SD,144.4,billion,9,USD,amount.~use,https://www.cia.gov/library/publications/the-world-factbook/fields/2259.html
,Suriname,2017,SR,2.6,billion,9,USD,amount.~use,https://www.cia.gov/library/publications/the-world-factbook/fields/2259.html
,Swaziland,2017,SZ,7.45,billion,9,USD,amount.~use,https://www.cia.gov/library/publications/the-world-factbook/fields/2259.html
,Sweden,2017,SE,230.59,billion,9,USD,amount.~use,https://www.cia.gov/library/publications/the-world-factbook/fields/2259.html
,Switzerland,2017,CH,277.47,billion,9,USD,amount.~use,https://www.cia.gov/library/publications/the-world-factbook/fields/2259.html
,Syria,2017,SY,32.13,billion,9,USD,amount.~use,https://www.cia.gov/library/publications/the-world-factbook/fields/2259.html
,Taiwan,2017,TW,620.0,billion,9,USD,amount.~use,https://www.cia.gov/library/publications/the-world-factbook/fields/2259.html
,Tajikistan,2017,TJ,28.56,billion,9,USD,amount.~use,https://www.cia.gov/library/publications/the-world-factbook/fields/2259.html
,Tanzania,2017,TZ,105.82,billion,9,USD,amount.~use,https://www.cia.gov/library/publications/the-world-factbook/fields/2259.html
,Thailand,2017,TH,620.0,billion,9,USD,amount.~use,https://www.cia.gov/library/publications/the-world-factbook/fields/2259.html
,Timor-Leste,2017,TL,1.22,billion,9,USD,amount.~use,https://www.cia.gov/library/publications/the-world-factbook/fields/2259.html
,Togo,2017,TG,9.84,billion,9,USD,amount.~use,https://www.cia.gov/library/publications/the-world-factbook/fields/2259.html
,Tonga,2017,TO,582.3,million,6,USD,amount.~use,https://www.cia.gov/library/publications/the-world-factbook/fields/2259.html
,Trinidad and Tobago,2017,TT,33.33,billion,9,USD,amount.~use,https://www.cia.gov/library/publications/the-world-factbook/fields/2259.html
,Tunisia,2017,TN,98.12,billion,9,USD,amount.~use,https://www.cia.gov/library/publications/the-world-factbook/fields/2259.html
,Turkey,2017,TR,1.28,trillion,12,USD,amount.~use,https://www.cia.gov/library/publications/the-world-factbook/fields/2259.html
,Turkmenistan,2017,TM,51.75,billion,9,USD,amount.~use,https://www.cia.gov/library/publications/the-world-factbook/fields/2259.html
,Turks and Caicos Islands,2017,TC,308.42,million,6,USD,amount.~use,https://www.cia.gov/library/publications/the-world-factbook/fields/2259.html
,Uganda,2017,UG,63.53,billion,9,USD,amount.~use,https://www.cia.gov/library/publications/the-world-factbook/fields/2259.html
,Ukraine,2017,UA,238.16,billion,9,USD,amount.~use,https://www.cia.gov/library/publications/the-world-factbook/fields/2259.html
,United Arab Emirates,2017,AE,349.41,billion,9,USD,amount.~use,https://www.cia.gov/library/publications/the-world-factbook/fields/2259.html
,United Kingdom,2017,GB,1.88,trillion,12,USD,amount.~use,https://www.cia.gov/library/publications/the-world-factbook/fields/2259.html
,United States,2017,US,13.38,trillion,12,USD,amount.~use,https://www.cia.gov/library/publications/the-world-factbook/fields/2259.html
,Uruguay,2017,UY,51.2,billion,9,USD,amount.~use,https://www.cia.gov/library/publications/the-world-factbook/fields/2259.html
,Uzbekistan,2017,UZ,129.47,billion,9,USD,amount.~use,https://www.cia.gov/library/publications/the-world-factbook/fields/2259.html
,Vanuatu,2017,VU,467.48,million,6,USD,amount.~use,https://www.cia.gov/library/publications/the-world-factbook/fields/2259.html
,Venezuela,2017,VE,287.38,billion,9,USD,amount.~use,https://www.cia.gov/library/publications/the-world-factbook/fields/2259.html
,Vietnam,2017,VN,441.07,billion,9,USD,amount.~use,https://www.cia.gov/library/publications/the-world-factbook/fields/2259.html
,Virgin Islands,2013,VI,2.41,billion,9,USD,amount.~use,https://www.cia.gov/library/publications/the-world-factbook/fields/2259.html
,West Bank,2017,WB,19.37,billion,9,USD,amount.~use,https://www.cia.gov/library/publications/the-world-factbook/fields/2259.html
,World,2017,World,71.88,trillion,12,USD,amount.~use,https://www.cia.gov/library/publications/the-world-factbook/fields/2259.html
,Yemen,2017,YE,83.64,billion,9,USD,amount.~use,https://www.cia.gov/library/publications/the-world-factbook/fields/2259.html
,Zambia,2017,ZM,37.07,billion,9,USD,amount.~use,https://www.cia.gov/library/publications/the-world-factbook/fields/2259.html
,Zimbabwe,2017,ZW,28.45,billion,9,USD,amount.~use,https://www.cia.gov/library/publications/the-world-factbook/fields/2259.html
