,Afghanistan,2016,AF,11.39,billion,9,USD,amount.~use,https://www.cia.gov/library/publications/the-world-factbook/fields/213.html
,Albania,2017,AL,8.45,billion,9,USD,amount.~use,https://www.cia.gov/library/publications/the-world-factbook/fields/213.html
,Algeria,2017,DZ,229.36,billion,9,USD,amount.~use,https://www.cia.gov/library/publications/the-world-factbook/fields/213.html
,American Samoa,2016,AS,48.68,million,6,USD,amount.~use,https://www.cia.gov/library/publications/the-world-factbook/fields/213.html
,Angola,2017,AO,21.0,billion,9,USD,amount.~use,https://www.cia.gov/library/publications/the-world-factbook/fields/213.html
,Anguilla,2017,AI,29.19,million,6,USD,amount.~use,https://www.cia.gov/library/publications/the-world-factbook/fields/213.html
,Antigua and Barbuda,2017,AG,530.0,million,6,USD,amount.~use,https://www.cia.gov/library/publications/the-world-factbook/fields/213.html
,Argentina,2017,AR,135.15,billion,9,USD,amount.~use,https://www.cia.gov/library/publications/the-world-factbook/fields/213.html
,Armenia,2017,AM,4.55,billion,9,USD,amount.~use,https://www.cia.gov/library/publications/the-world-factbook/fields/213.html
,Aruba,2014,AW,920.0,million,6,USD,amount.~use,https://www.cia.gov/library/publications/the-world-factbook/fields/213.html
,Australia,2017,AU,290.0,billion,9,USD,amount.~use,https://www.cia.gov/library/publications/the-world-factbook/fields/213.html
,Austria,2017,AT,99.17,billion,9,USD,amount.~use,https://www.cia.gov/library/publications/the-world-factbook/fields/213.html
,Azerbaijan,2017,AZ,41.91,billion,9,USD,amount.~use,https://www.cia.gov/library/publications/the-world-factbook/fields/213.html
,Bahrain,2017,BH,17.3,billion,9,USD,amount.~use,https://www.cia.gov/library/publications/the-world-factbook/fields/213.html
,Bangladesh,2017,BD,182.85,billion,9,USD,amount.~use,https://www.cia.gov/library/publications/the-world-factbook/fields/213.html
,Barbados,2017,BB,900.0,million,6,USD,amount.~use,https://www.cia.gov/library/publications/the-world-factbook/fields/213.html
,Belarus,2017,BY,44.75,billion,9,USD,amount.~use,https://www.cia.gov/library/publications/the-world-factbook/fields/213.html
,Belgium,2017,BE,119.53,billion,9,USD,amount.~use,https://www.cia.gov/library/publications/the-world-factbook/fields/213.html
,Belize,2017,BZ,730.0,million,6,USD,amount.~use,https://www.cia.gov/library/publications/the-world-factbook/fields/213.html
,Benin,2017,BJ,6.98,billion,9,USD,amount.~use,https://www.cia.gov/library/publications/the-world-factbook/fields/213.html
,Bermuda,2017,BM,710.0,million,6,USD,amount.~use,https://www.cia.gov/library/publications/the-world-factbook/fields/213.html
,Bhutan,2017,BT,3.31,billion,9,USD,amount.~use,https://www.cia.gov/library/publications/the-world-factbook/fields/213.html
,Bolivia,2017,BO,17.79,billion,9,USD,amount.~use,https://www.cia.gov/library/publications/the-world-factbook/fields/213.html
,Bosnia and Herzegovina,2017,BA,7.28,billion,9,USD,amount.~use,https://www.cia.gov/library/publications/the-world-factbook/fields/213.html
,Botswana,2017,BW,11.47,billion,9,USD,amount.~use,https://www.cia.gov/library/publications/the-world-factbook/fields/213.html
,Brazil,2017,BR,500.0,billion,9,USD,amount.~use,https://www.cia.gov/library/publications/the-world-factbook/fields/213.html
,British Virgin Islands,2017,VG,108.5,million,6,USD,amount.~use,https://www.cia.gov/library/publications/the-world-factbook/fields/213.html
,Brunei,2017,BN,10.73,billion,9,USD,amount.~use,https://www.cia.gov/library/publications/the-world-factbook/fields/213.html
,Bulgaria,2017,BG,29.26,billion,9,USD,amount.~use,https://www.cia.gov/library/publications/the-world-factbook/fields/213.html
,Burkina Faso,2017,BF,8.78,billion,9,USD,amount.~use,https://www.cia.gov/library/publications/the-world-factbook/fields/213.html
,Burma,2017,MM,110.85,billion,9,USD,amount.~use,https://www.cia.gov/library/publications/the-world-factbook/fields/213.html
,Burundi,2017,BI,1.28,billion,9,USD,amount.~use,https://www.cia.gov/library/publications/the-world-factbook/fields/213.html
,Cabo Verde,2017,CV,1.2,billion,9,USD,amount.~use,https://www.cia.gov/library/publications/the-world-factbook/fields/213.html
,Cambodia,2017,KH,14.0,billion,9,USD,amount.~use,https://www.cia.gov/library/publications/the-world-factbook/fields/213.html
,Cameroon,2017,CM,17.61,billion,9,USD,amount.~use,https://www.cia.gov/library/publications/the-world-factbook/fields/213.html
,Canada,2017,CA,410.0,billion,9,USD,amount.~use,https://www.cia.gov/library/publications/the-world-factbook/fields/213.html
,Cayman Islands,2017,KY,550.0,million,6,USD,amount.~use,https://www.cia.gov/library/publications/the-world-factbook/fields/213.html
,Central African Republic,2017,CF,470.0,million,6,USD,amount.~use,https://www.cia.gov/library/publications/the-world-factbook/fields/213.html
,Chad,2017,TD,7.14,billion,9,USD,amount.~use,https://www.cia.gov/library/publications/the-world-factbook/fields/213.html
,Chile,2017,CL,97.2,billion,9,USD,amount.~use,https://www.cia.gov/library/publications/the-world-factbook/fields/213.html
,China,2017,CN,9.87,trillion,12,USD,amount.~use,https://www.cia.gov/library/publications/the-world-factbook/fields/213.html
,Colombia,2017,CO,158.18,billion,9,USD,amount.~use,https://www.cia.gov/library/publications/the-world-factbook/fields/213.html
,Comoros,2017,KM,260.0,million,6,USD,amount.~use,https://www.cia.gov/library/publications/the-world-factbook/fields/213.html
,Costa Rica,2017,CR,14.57,billion,9,USD,amount.~use,https://www.cia.gov/library/publications/the-world-factbook/fields/213.html
,Cote d'Ivoire,2017,CI,21.56,billion,9,USD,amount.~use,https://www.cia.gov/library/publications/the-world-factbook/fields/213.html
,Croatia,2017,HR,20.04,billion,9,USD,amount.~use,https://www.cia.gov/library/publications/the-world-factbook/fields/213.html
,Cuba,2017,CU,12.76,billion,9,USD,amount.~use,https://www.cia.gov/library/publications/the-world-factbook/fields/213.html
,Cyprus,2017,CY,6.58,billion,9,USD,amount.~use,https://www.cia.gov/library/publications/the-world-factbook/fields/213.html
,Czechia,2017,CZ,92.03,billion,9,USD,amount.~use,https://www.cia.gov/library/publications/the-world-factbook/fields/213.html
,Denmark,2017,DK,57.1,billion,9,USD,amount.~use,https://www.cia.gov/library/publications/the-world-factbook/fields/213.html
,Djibouti,2017,DJ,1.52,billion,9,USD,amount.~use,https://www.cia.gov/library/publications/the-world-factbook/fields/213.html
,Dominica,2017,DM,182.97,million,6,USD,amount.~use,https://www.cia.gov/library/publications/the-world-factbook/fields/213.html
,Dominican Republic,2017,DO,37.8,billion,9,USD,amount.~use,https://www.cia.gov/library/publications/the-world-factbook/fields/213.html
,Ecuador,2017,EC,45.81,billion,9,USD,amount.~use,https://www.cia.gov/library/publications/the-world-factbook/fields/213.html
,Egypt,2017,EG,180.0,billion,9,USD,amount.~use,https://www.cia.gov/library/publications/the-world-factbook/fields/213.html
,El Salvador,2017,SV,9.62,billion,9,USD,amount.~use,https://www.cia.gov/library/publications/the-world-factbook/fields/213.html
,Equatorial Guinea,2017,GQ,3.0,billion,9,USD,amount.~use,https://www.cia.gov/library/publications/the-world-factbook/fields/213.html
,Eritrea,2017,ER,620.0,million,6,USD,amount.~use,https://www.cia.gov/library/publications/the-world-factbook/fields/213.html
,Estonia,2017,EE,9.89,billion,9,USD,amount.~use,https://www.cia.gov/library/publications/the-world-factbook/fields/213.html
,Ethiopia,2017,ET,85.17,billion,9,USD,amount.~use,https://www.cia.gov/library/publications/the-world-factbook/fields/213.html
,Faroe Islands,2013,FO,370.0,million,6,USD,amount.~use,https://www.cia.gov/library/publications/the-world-factbook/fields/213.html
,Fiji,2017,FJ,1.46,billion,9,USD,amount.~use,https://www.cia.gov/library/publications/the-world-factbook/fields/213.html
,Finland,2017,FI,53.57,billion,9,USD,amount.~use,https://www.cia.gov/library/publications/the-world-factbook/fields/213.html
,France,2017,FR,640.0,billion,9,USD,amount.~use,https://www.cia.gov/library/publications/the-world-factbook/fields/213.html
,French Polynesia,2014,PF,1.07,billion,9,USD,amount.~use,https://www.cia.gov/library/publications/the-world-factbook/fields/213.html
,Gabon,2017,GA,10.66,billion,9,USD,amount.~use,https://www.cia.gov/library/publications/the-world-factbook/fields/213.html
,Georgia,2017,GE,11.6,billion,9,USD,amount.~use,https://www.cia.gov/library/publications/the-world-factbook/fields/213.html
,Germany,2017,DE,850.0,billion,9,USD,amount.~use,https://www.cia.gov/library/publications/the-world-factbook/fields/213.html
,Ghana,2017,GH,17.84,billion,9,USD,amount.~use,https://www.cia.gov/library/publications/the-world-factbook/fields/213.html
,Greece,2017,GR,37.44,billion,9,USD,amount.~use,https://www.cia.gov/library/publications/the-world-factbook/fields/213.html
,Greenland,2015,GL,310.0,million,6,USD,amount.~use,https://www.cia.gov/library/publications/the-world-factbook/fields/213.html
,Grenada,2017,GD,320.0,million,6,USD,amount.~use,https://www.cia.gov/library/publications/the-world-factbook/fields/213.html
,Guam,2016,GU,1.01,billion,9,USD,amount.~use,https://www.cia.gov/library/publications/the-world-factbook/fields/213.html
,Guatemala,2017,GT,17.01,billion,9,USD,amount.~use,https://www.cia.gov/library/publications/the-world-factbook/fields/213.html
,Guinea,2017,GN,2.41,billion,9,USD,amount.~use,https://www.cia.gov/library/publications/the-world-factbook/fields/213.html
,Guinea-Bissau,2017,GW,130.0,million,6,USD,amount.~use,https://www.cia.gov/library/publications/the-world-factbook/fields/213.html
,Guyana,2017,GY,1.62,billion,9,USD,amount.~use,https://www.cia.gov/library/publications/the-world-factbook/fields/213.html
,Haiti,2016,HT,6.48,billion,9,USD,amount.~use,https://www.cia.gov/library/publications/the-world-factbook/fields/213.html
,Honduras,2017,HN,10.55,billion,9,USD,amount.~use,https://www.cia.gov/library/publications/the-world-factbook/fields/213.html
,Hong Kong,2017,HK,98.75,billion,9,USD,amount.~use,https://www.cia.gov/library/publications/the-world-factbook/fields/213.html
,Hungary,2017,HU,61.26,billion,9,USD,amount.~use,https://www.cia.gov/library/publications/the-world-factbook/fields/213.html
,Iceland,2017,IS,3.92,billion,9,USD,amount.~use,https://www.cia.gov/library/publications/the-world-factbook/fields/213.html
,India,2017,IN,2.69,trillion,12,USD,amount.~use,https://www.cia.gov/library/publications/the-world-factbook/fields/213.html
,Indonesia,2017,ID,1.04,trillion,12,USD,amount.~use,https://www.cia.gov/library/publications/the-world-factbook/fields/213.html
,Iran,2017,IR,340.0,billion,9,USD,amount.~use,https://www.cia.gov/library/publications/the-world-factbook/fields/213.html
,Iraq,2016,IQ,136.1,billion,9,USD,amount.~use,https://www.cia.gov/library/publications/the-world-factbook/fields/213.html
,Ireland,2017,IE,80.68,billion,9,USD,amount.~use,https://www.cia.gov/library/publications/the-world-factbook/fields/213.html
,Israel,2017,IL,63.44,billion,9,USD,amount.~use,https://www.cia.gov/library/publications/the-world-factbook/fields/213.html
,Italy,2017,IT,400.0,billion,9,USD,amount.~use,https://www.cia.gov/library/publications/the-world-factbook/fields/213.html
,Jamaica,2017,JM,5.58,billion,9,USD,amount.~use,https://www.cia.gov/library/publications/the-world-factbook/fields/213.html
,Japan,2017,JP,1.3,trillion,12,USD,amount.~use,https://www.cia.gov/library/publications/the-world-factbook/fields/213.html
,Jordan,2017,JO,20.3,billion,9,USD,amount.~use,https://www.cia.gov/library/publications/the-world-factbook/fields/213.html
,Kazakhstan,2017,KZ,106.72,billion,9,USD,amount.~use,https://www.cia.gov/library/publications/the-world-factbook/fields/213.html
,Kenya,2017,KE,30.88,billion,9,USD,amount.~use,https://www.cia.gov/library/publications/the-world-factbook/fields/213.html
,Kosovo,2017,KV,5.62,billion,9,USD,amount.~use,https://www.cia.gov/library/publications/the-world-factbook/fields/213.html
,Kuwait,2017,KW,80.16,billion,9,USD,amount.~use,https://www.cia.gov/library/publications/the-world-factbook/fields/213.html
,Kyrgyzstan,2017,KG,7.52,billion,9,USD,amount.~use,https://www.cia.gov/library/publications/the-world-factbook/fields/213.html
,Laos,2017,LA,15.21,billion,9,USD,amount.~use,https://www.cia.gov/library/publications/the-world-factbook/fields/213.html
,Latvia,2017,LV,10.64,billion,9,USD,amount.~use,https://www.cia.gov/library/publications/the-world-factbook/fields/213.html
,Lebanon,2017,LB,19.16,billion,9,USD,amount.~use,https://www.cia.gov/library/publications/the-world-factbook/fields/213.html
,Lesotho,2017,LS,2.34,billion,9,USD,amount.~use,https://www.cia.gov/library/publications/the-world-factbook/fields/213.html
,Liberia,2016,LR,760.0,million,6,USD,amount.~use,https://www.cia.gov/library/publications/the-world-factbook/fields/213.html
,Libya,2017,LY,1.7,billion,9,USD,amount.~use,https://www.cia.gov/library/publications/the-world-factbook/fields/213.html
,Lithuania,2017,LT,17.04,billion,9,USD,amount.~use,https://www.cia.gov/library/publications/the-world-factbook/fields/213.html
,Luxembourg,2017,LU,10.43,billion,9,USD,amount.~use,https://www.cia.gov/library/publications/the-world-factbook/fields/213.html
,Macau,2017,MO,13.61,billion,9,USD,amount.~use,https://www.cia.gov/library/publications/the-world-factbook/fields/213.html
,Macedonia,2017,MK,4.29,billion,9,USD,amount.~use,https://www.cia.gov/library/publications/the-world-factbook/fields/213.html
,Madagascar,2017,MG,6.01,billion,9,USD,amount.~use,https://www.cia.gov/library/publications/the-world-factbook/fields/213.html
,Malawi,2017,MW,3.44,billion,9,USD,amount.~use,https://www.cia.gov/library/publications/the-world-factbook/fields/213.html
,Malaysia,2017,MY,234.3,billion,9,USD,amount.~use,https://www.cia.gov/library/publications/the-world-factbook/fields/213.html
,Mali,2017,ML,7.91,billion,9,USD,amount.~use,https://www.cia.gov/library/publications/the-world-factbook/fields/213.html
,Malta,2017,MT,3.91,billion,9,USD,amount.~use,https://www.cia.gov/library/publications/the-world-factbook/fields/213.html
,Marshall Islands,2016,MH,33.64,million,6,USD,amount.~use,https://www.cia.gov/library/publications/the-world-factbook/fields/213.html
,Mauritania,2017,MR,9.74,billion,9,USD,amount.~use,https://www.cia.gov/library/publications/the-world-factbook/fields/213.html
,Mauritius,2017,MU,4.75,billion,9,USD,amount.~use,https://www.cia.gov/library/publications/the-world-factbook/fields/213.html
,Mexico,2017,MX,540.0,billion,9,USD,amount.~use,https://www.cia.gov/library/publications/the-world-factbook/fields/213.html
,Moldova,2017,MD,4.4,billion,9,USD,amount.~use,https://www.cia.gov/library/publications/the-world-factbook/fields/213.html
,Mongolia,2017,MN,9.14,billion,9,USD,amount.~use,https://www.cia.gov/library/publications/the-world-factbook/fields/213.html
,Montenegro,2016,ME,2.52,billion,9,USD,amount.~use,https://www.cia.gov/library/publications/the-world-factbook/fields/213.html
,Montserrat,2017,MS,7.84,million,6,USD,amount.~use,https://www.cia.gov/library/publications/the-world-factbook/fields/213.html
,Morocco,2017,MA,85.23,billion,9,USD,amount.~use,https://www.cia.gov/library/publications/the-world-factbook/fields/213.html
,Mozambique,2017,MZ,8.11,billion,9,USD,amount.~use,https://www.cia.gov/library/publications/the-world-factbook/fields/213.html
,Namibia,2017,NA,4.32,billion,9,USD,amount.~use,https://www.cia.gov/library/publications/the-world-factbook/fields/213.html
,Nauru,2016,NR,67.1,million,6,USD,amount.~use,https://www.cia.gov/library/publications/the-world-factbook/fields/213.html
,Nepal,2017,NP,26.55,billion,9,USD,amount.~use,https://www.cia.gov/library/publications/the-world-factbook/fields/213.html
,Netherlands,2017,NL,187.62,billion,9,USD,amount.~use,https://www.cia.gov/library/publications/the-world-factbook/fields/213.html
,New Caledonia,2017,NC,4.14,billion,9,USD,amount.~use,https://www.cia.gov/library/publications/the-world-factbook/fields/213.html
,New Zealand,2017,NZ,43.45,billion,9,USD,amount.~use,https://www.cia.gov/library/publications/the-world-factbook/fields/213.html
,Nicaragua,2017,NI,10.18,billion,9,USD,amount.~use,https://www.cia.gov/library/publications/the-world-factbook/fields/213.html
,Niger,2017,NE,8.35,billion,9,USD,amount.~use,https://www.cia.gov/library/publications/the-world-factbook/fields/213.html
,Nigeria,2017,NG,170.0,billion,9,USD,amount.~use,https://www.cia.gov/library/publications/the-world-factbook/fields/213.html
,Northern Mariana Islands,2016,MP,179.37,million,6,USD,amount.~use,https://www.cia.gov/library/publications/the-world-factbook/fields/213.html
,Norway,2017,NO,90.59,billion,9,USD,amount.~use,https://www.cia.gov/library/publications/the-world-factbook/fields/213.html
,Oman,2017,OM,52.24,billion,9,USD,amount.~use,https://www.cia.gov/library/publications/the-world-factbook/fields/213.html
,Pakistan,2017,PK,150.0,billion,9,USD,amount.~use,https://www.cia.gov/library/publications/the-world-factbook/fields/213.html
,Palau,2016,PW,68.33,million,6,USD,amount.~use,https://www.cia.gov/library/publications/the-world-factbook/fields/213.html
,Panama,2017,PA,42.66,billion,9,USD,amount.~use,https://www.cia.gov/library/publications/the-world-factbook/fields/213.html
,Papua New Guinea,2017,PG,3.08,billion,9,USD,amount.~use,https://www.cia.gov/library/publications/the-world-factbook/fields/213.html
,Paraguay,2017,PY,11.77,billion,9,USD,amount.~use,https://www.cia.gov/library/publications/the-world-factbook/fields/213.html
,Peru,2017,PE,92.14,billion,9,USD,amount.~use,https://www.cia.gov/library/publications/the-world-factbook/fields/213.html
,Philippines,2017,PH,219.5,billion,9,USD,amount.~use,https://www.cia.gov/library/publications/the-world-factbook/fields/213.html
,Poland,2017,PL,200.0,billion,9,USD,amount.~use,https://www.cia.gov/library/publications/the-world-factbook/fields/213.html
,Portugal,2017,PT,50.43,billion,9,USD,amount.~use,https://www.cia.gov/library/publications/the-world-factbook/fields/213.html
,Puerto Rico,2017,PR,14.89,billion,9,USD,amount.~use,https://www.cia.gov/library/publications/the-world-factbook/fields/213.html
,Qatar,2017,QA,147.27,billion,9,USD,amount.~use,https://www.cia.gov/library/publications/the-world-factbook/fields/213.html
,Romania,2017,RO,107.12,billion,9,USD,amount.~use,https://www.cia.gov/library/publications/the-world-factbook/fields/213.html
,Russia,2017,RU,860.0,billion,9,USD,amount.~use,https://www.cia.gov/library/publications/the-world-factbook/fields/213.html
,Rwanda,2017,RW,5.64,billion,9,USD,amount.~use,https://www.cia.gov/library/publications/the-world-factbook/fields/213.html
,Saint Kitts and Nevis,2017,KN,470.0,million,6,USD,amount.~use,https://www.cia.gov/library/publications/the-world-factbook/fields/213.html
,Saint Lucia,2017,LC,400.0,million,6,USD,amount.~use,https://www.cia.gov/library/publications/the-world-factbook/fields/213.html
,Saint Vincent and the Grenadines,2017,VC,140.0,million,6,USD,amount.~use,https://www.cia.gov/library/publications/the-world-factbook/fields/213.html
,Sao Tome and Principe,2017,ST,227.79,million,6,USD,amount.~use,https://www.cia.gov/library/publications/the-world-factbook/fields/213.html
,Saudi Arabia,2017,SA,420.0,billion,9,USD,amount.~use,https://www.cia.gov/library/publications/the-world-factbook/fields/213.html
,Senegal,2017,SN,10.81,billion,9,USD,amount.~use,https://www.cia.gov/library/publications/the-world-factbook/fields/213.html
,Serbia,2017,RS,19.72,billion,9,USD,amount.~use,https://www.cia.gov/library/publications/the-world-factbook/fields/213.html
,Seychelles,2017,SC,720.0,million,6,USD,amount.~use,https://www.cia.gov/library/publications/the-world-factbook/fields/213.html
,Sierra Leone,2017,SL,2.13,billion,9,USD,amount.~use,https://www.cia.gov/library/publications/the-world-factbook/fields/213.html
,Singapore,2017,SG,127.4,billion,9,USD,amount.~use,https://www.cia.gov/library/publications/the-world-factbook/fields/213.html
,Slovakia,2017,SK,37.88,billion,9,USD,amount.~use,https://www.cia.gov/library/publications/the-world-factbook/fields/213.html
,Slovenia,2017,SI,12.95,billion,9,USD,amount.~use,https://www.cia.gov/library/publications/the-world-factbook/fields/213.html
,Somalia,2015,SO,3.49,billion,9,USD,amount.~use,https://www.cia.gov/library/publications/the-world-factbook/fields/213.html
,South Africa,2017,ZA,141.62,billion,9,USD,amount.~use,https://www.cia.gov/library/publications/the-world-factbook/fields/213.html
,South Sudan,2011,SS,2.05,billion,9,USD,amount.~use,https://www.cia.gov/library/publications/the-world-factbook/fields/213.html
,Spain,2017,ES,360.0,billion,9,USD,amount.~use,https://www.cia.gov/library/publications/the-world-factbook/fields/213.html
,Sri Lanka,2017,LK,73.17,billion,9,USD,amount.~use,https://www.cia.gov/library/publications/the-world-factbook/fields/213.html
,Sudan,2017,SD,34.37,billion,9,USD,amount.~use,https://www.cia.gov/library/publications/the-world-factbook/fields/213.html
,Suriname,2017,SR,4.16,billion,9,USD,amount.~use,https://www.cia.gov/library/publications/the-world-factbook/fields/213.html
,Sweden,2017,SE,129.9,billion,9,USD,amount.~use,https://www.cia.gov/library/publications/the-world-factbook/fields/213.html
,Switzerland,2017,CH,126.59,billion,9,USD,amount.~use,https://www.cia.gov/library/publications/the-world-factbook/fields/213.html
,Syria,2017,SY,9.35,billion,9,USD,amount.~use,https://www.cia.gov/library/publications/the-world-factbook/fields/213.html
,Taiwan,2017,TW,240.0,billion,9,USD,amount.~use,https://www.cia.gov/library/publications/the-world-factbook/fields/213.html
,Tajikistan,2017,TJ,3.24,billion,9,USD,amount.~use,https://www.cia.gov/library/publications/the-world-factbook/fields/213.html
,Tanzania,2017,TZ,58.77,billion,9,USD,amount.~use,https://www.cia.gov/library/publications/the-world-factbook/fields/213.html
,Thailand,2017,TH,290.0,billion,9,USD,amount.~use,https://www.cia.gov/library/publications/the-world-factbook/fields/213.html
,Timor-Leste,2017,TL,660.0,million,6,USD,amount.~use,https://www.cia.gov/library/publications/the-world-factbook/fields/213.html
,Togo,2017,TG,2.91,billion,9,USD,amount.~use,https://www.cia.gov/library/publications/the-world-factbook/fields/213.html
,Tonga,2017,TO,141.47,million,6,USD,amount.~use,https://www.cia.gov/library/publications/the-world-factbook/fields/213.html
,Trinidad and Tobago,2017,TT,3.51,billion,9,USD,amount.~use,https://www.cia.gov/library/publications/the-world-factbook/fields/213.html
,Tunisia,2017,TN,26.36,billion,9,USD,amount.~use,https://www.cia.gov/library/publications/the-world-factbook/fields/213.html
,Turkey,2017,TR,640.0,billion,9,USD,amount.~use,https://www.cia.gov/library/publications/the-world-factbook/fields/213.html
,Turkmenistan,2017,TM,29.19,billion,9,USD,amount.~use,https://www.cia.gov/library/publications/the-world-factbook/fields/213.html
,Turks and Caicos Islands,2017,TC,104.28,million,6,USD,amount.~use,https://www.cia.gov/library/publications/the-world-factbook/fields/213.html
,Tuvalu,2016,TV,10.21,million,6,USD,amount.~use,https://www.cia.gov/library/publications/the-world-factbook/fields/213.html
,Uganda,2017,UG,21.18,billion,9,USD,amount.~use,https://www.cia.gov/library/publications/the-world-factbook/fields/213.html
,Ukraine,2017,UA,58.62,billion,9,USD,amount.~use,https://www.cia.gov/library/publications/the-world-factbook/fields/213.html
,United Arab Emirates,2017,AE,159.14,billion,9,USD,amount.~use,https://www.cia.gov/library/publications/the-world-factbook/fields/213.html
,United Kingdom,2017,GB,500.0,billion,9,USD,amount.~use,https://www.cia.gov/library/publications/the-world-factbook/fields/213.html
,United States,2017,US,3.33,trillion,12,USD,amount.~use,https://www.cia.gov/library/publications/the-world-factbook/fields/213.html
,Uruguay,2017,UY,13.09,billion,9,USD,amount.~use,https://www.cia.gov/library/publications/the-world-factbook/fields/213.html
,Uzbekistan,2017,UZ,56.09,billion,9,USD,amount.~use,https://www.cia.gov/library/publications/the-world-factbook/fields/213.html
,Vanuatu,2017,VU,225.87,million,6,USD,amount.~use,https://www.cia.gov/library/publications/the-world-factbook/fields/213.html
,Venezuela,2017,VE,54.13,billion,9,USD,amount.~use,https://www.cia.gov/library/publications/the-world-factbook/fields/213.html
,Vietnam,2017,VN,155.82,billion,9,USD,amount.~use,https://www.cia.gov/library/publications/the-world-factbook/fields/213.html
,Virgin Islands,2016,VI,280.0,million,6,USD,amount.~use,https://www.cia.gov/library/publications/the-world-factbook/fields/213.html
,Wallis and Futuna,2005,WF,32.4,million,6,USD,amount.~use,https://www.cia.gov/library/publications/the-world-factbook/fields/213.html
,West Bank,2017,WB,4.88,billion,9,USD,amount.~use,https://www.cia.gov/library/publications/the-world-factbook/fields/213.html
,World,2017,World,32.64,trillion,12,USD,amount.~use,https://www.cia.gov/library/publications/the-world-factbook/fields/213.html
,Yemen,2017,YE,1.52,billion,9,USD,amount.~use,https://www.cia.gov/library/publications/the-world-factbook/fields/213.html
,Zambia,2017,ZM,18.67,billion,9,USD,amount.~use,https://www.cia.gov/library/publications/the-world-factbook/fields/213.html
,Zimbabwe,2017,ZW,4.27,billion,9,USD,amount.~use,https://www.cia.gov/library/publications/the-world-factbook/fields/213.html
