,Afghanistan,2014,AF,13.5,thousand,3,km^2,area,https://www.cia.gov/library/publications/the-world-factbook/fields/2097.html
,Albania,2014,AL,8.1,thousand,3,km^2,area,https://www.cia.gov/library/publications/the-world-factbook/fields/2097.html
,Algeria,2014,DZ,19.5,thousand,3,km^2,area,https://www.cia.gov/library/publications/the-world-factbook/fields/2097.html
,American Samoa,2014,AS,175.0,unit,0,km^2,area,https://www.cia.gov/library/publications/the-world-factbook/fields/2097.html
,Andorra,2014,AD,159.0,unit,0,km^2,area,https://www.cia.gov/library/publications/the-world-factbook/fields/2097.html
,Angola,2014,AO,580.0,thousand,3,km^2,area,https://www.cia.gov/library/publications/the-world-factbook/fields/2097.html
,Anguilla,2011,AI,56.0,unit,0,km^2,area,https://www.cia.gov/library/publications/the-world-factbook/fields/2097.html
,Argentina,2011,AR,298.0,thousand,3,km^2,area,https://www.cia.gov/library/publications/the-world-factbook/fields/2097.html
,Armenia,2011,AM,2.71,thousand,3,km^2,area,https://www.cia.gov/library/publications/the-world-factbook/fields/2097.html
,Aruba,2011,AW,4.1,unit,0,km^2,area,https://www.cia.gov/library/publications/the-world-factbook/fields/2097.html
,Australia,2011,AU,1.49,million,6,km^2,area,https://www.cia.gov/library/publications/the-world-factbook/fields/2097.html
,Austria,2011,AT,40.0,thousand,3,km^2,area,https://www.cia.gov/library/publications/the-world-factbook/fields/2097.html
,Azerbaijan,2011,AZ,9.8,thousand,3,km^2,area,https://www.cia.gov/library/publications/the-world-factbook/fields/2097.html
,Bahamas The,2011,BS,7.1,thousand,3,km^2,area,https://www.cia.gov/library/publications/the-world-factbook/fields/2097.html
,Bahrain,2011,BH,5.3,unit,0,km^2,area,https://www.cia.gov/library/publications/the-world-factbook/fields/2097.html
,Bangladesh,2011,BD,16.5,thousand,3,km^2,area,https://www.cia.gov/library/publications/the-world-factbook/fields/2097.html
,Barbados,2011,BB,83.0,unit,0,km^2,area,https://www.cia.gov/library/publications/the-world-factbook/fields/2097.html
,Belarus,2011,BY,89.0,thousand,3,km^2,area,https://www.cia.gov/library/publications/the-world-factbook/fields/2097.html
,Belgium,2011,BE,6.8,thousand,3,km^2,area,https://www.cia.gov/library/publications/the-world-factbook/fields/2097.html
,Belize,2011,BZ,13.9,thousand,3,km^2,area,https://www.cia.gov/library/publications/the-world-factbook/fields/2097.html
,Benin,2011,BJ,45.0,thousand,3,km^2,area,https://www.cia.gov/library/publications/the-world-factbook/fields/2097.html
,Bermuda,2011,BM,10.8,unit,0,km^2,area,https://www.cia.gov/library/publications/the-world-factbook/fields/2097.html
,Bhutan,2011,BT,33.0,thousand,3,km^2,area,https://www.cia.gov/library/publications/the-world-factbook/fields/2097.html
,Bolivia,2011,BO,580.0,thousand,3,km^2,area,https://www.cia.gov/library/publications/the-world-factbook/fields/2097.html
,Bosnia and Herzegovina,2011,BA,21.9,thousand,3,km^2,area,https://www.cia.gov/library/publications/the-world-factbook/fields/2097.html
,Botswana,2011,BW,115.0,thousand,3,km^2,area,https://www.cia.gov/library/publications/the-world-factbook/fields/2097.html
,Brazil,2011,BR,5.3,million,6,km^2,area,https://www.cia.gov/library/publications/the-world-factbook/fields/2097.html
,British Virgin Islands,2011,VG,37.0,unit,0,km^2,area,https://www.cia.gov/library/publications/the-world-factbook/fields/2097.html
,Brunei,2011,BN,4.1,thousand,3,km^2,area,https://www.cia.gov/library/publications/the-world-factbook/fields/2097.html
,Bulgaria,2011,BG,41.0,thousand,3,km^2,area,https://www.cia.gov/library/publications/the-world-factbook/fields/2097.html
,Burkina Faso,2011,BF,56.0,thousand,3,km^2,area,https://www.cia.gov/library/publications/the-world-factbook/fields/2097.html
,Burma,2011,MM,330.0,thousand,3,km^2,area,https://www.cia.gov/library/publications/the-world-factbook/fields/2097.html
,Burundi,2011,BI,1.84,thousand,3,km^2,area,https://www.cia.gov/library/publications/the-world-factbook/fields/2097.html
,Cabo Verde,2011,CV,850.0,unit,0,km^2,area,https://www.cia.gov/library/publications/the-world-factbook/fields/2097.html
,Cambodia,2011,KH,102.0,thousand,3,km^2,area,https://www.cia.gov/library/publications/the-world-factbook/fields/2097.html
,Cameroon,2011,CM,198.0,thousand,3,km^2,area,https://www.cia.gov/library/publications/the-world-factbook/fields/2097.html
,Canada,2011,CA,3.4,million,6,km^2,area,https://www.cia.gov/library/publications/the-world-factbook/fields/2097.html
,Cayman Islands,2011,KY,140.0,unit,0,km^2,area,https://www.cia.gov/library/publications/the-world-factbook/fields/2097.html
,Central African Republic,2011,CF,226.0,thousand,3,km^2,area,https://www.cia.gov/library/publications/the-world-factbook/fields/2097.html
,Chad,2011,TD,117.0,thousand,3,km^2,area,https://www.cia.gov/library/publications/the-world-factbook/fields/2097.html
,Chile,2011,CL,166.0,thousand,3,km^2,area,https://www.cia.gov/library/publications/the-world-factbook/fields/2097.html
,China,2011,CN,2.14,million,6,km^2,area,https://www.cia.gov/library/publications/the-world-factbook/fields/2097.html
,Colombia,2011,CO,620.0,thousand,3,km^2,area,https://www.cia.gov/library/publications/the-world-factbook/fields/2097.html
,Comoros,2011,KM,31.3,unit,0,km^2,area,https://www.cia.gov/library/publications/the-world-factbook/fields/2097.html
,Congo Democratic Republic of the,2011,CD,1.59,million,6,km^2,area,https://www.cia.gov/library/publications/the-world-factbook/fields/2097.html
,Congo Republic of the,2011,CG,224.0,thousand,3,km^2,area,https://www.cia.gov/library/publications/the-world-factbook/fields/2097.html
,Cook Islands,2011,CK,152.0,unit,0,km^2,area,https://www.cia.gov/library/publications/the-world-factbook/fields/2097.html
,Costa Rica,2011,CR,26.3,thousand,3,km^2,area,https://www.cia.gov/library/publications/the-world-factbook/fields/2097.html
,Cote d'Ivoire,2011,CI,105.0,thousand,3,km^2,area,https://www.cia.gov/library/publications/the-world-factbook/fields/2097.html
,Croatia,2011,HR,19.5,thousand,3,km^2,area,https://www.cia.gov/library/publications/the-world-factbook/fields/2097.html
,Cuba,2011,CU,30.3,thousand,3,km^2,area,https://www.cia.gov/library/publications/the-world-factbook/fields/2097.html
,Czechia,2011,CZ,27.1,thousand,3,km^2,area,https://www.cia.gov/library/publications/the-world-factbook/fields/2097.html
,Denmark,2011,DK,5.6,thousand,3,km^2,area,https://www.cia.gov/library/publications/the-world-factbook/fields/2097.html
,Djibouti,2011,DJ,46.0,unit,0,km^2,area,https://www.cia.gov/library/publications/the-world-factbook/fields/2097.html
,Dominica,2011,DM,440.0,unit,0,km^2,area,https://www.cia.gov/library/publications/the-world-factbook/fields/2097.html
,Dominican Republic,2011,DO,19.9,thousand,3,km^2,area,https://www.cia.gov/library/publications/the-world-factbook/fields/2097.html
,Ecuador,2011,EC,110.0,thousand,3,km^2,area,https://www.cia.gov/library/publications/the-world-factbook/fields/2097.html
,Egypt,2011,EG,1.0,thousand,3,km^2,area,https://www.cia.gov/library/publications/the-world-factbook/fields/2097.html
,El Salvador,2011,SV,2.86,thousand,3,km^2,area,https://www.cia.gov/library/publications/the-world-factbook/fields/2097.html
,Equatorial Guinea,2011,GQ,16.1,thousand,3,km^2,area,https://www.cia.gov/library/publications/the-world-factbook/fields/2097.html
,Eritrea,2011,ER,17.8,thousand,3,km^2,area,https://www.cia.gov/library/publications/the-world-factbook/fields/2097.html
,Estonia,2011,EE,23.6,thousand,3,km^2,area,https://www.cia.gov/library/publications/the-world-factbook/fields/2097.html
,Ethiopia,2011,ET,135.0,thousand,3,km^2,area,https://www.cia.gov/library/publications/the-world-factbook/fields/2097.html
,Falkland Islands (Islas Malvinas),2011,FK,0,thousand,3,km^2,area,https://www.cia.gov/library/publications/the-world-factbook/fields/2097.html
,Faroe Islands,2011,FO,1.39,unit,0,km^2,area,https://www.cia.gov/library/publications/the-world-factbook/fields/2097.html
,Fiji,2011,FJ,10.2,thousand,3,km^2,area,https://www.cia.gov/library/publications/the-world-factbook/fields/2097.html
,Finland,2011,FI,247.0,thousand,3,km^2,area,https://www.cia.gov/library/publications/the-world-factbook/fields/2097.html
,France,2011,FR,188.0,thousand,3,km^2,area,https://www.cia.gov/library/publications/the-world-factbook/fields/2097.html
,Gabon,2011,GA,217.0,thousand,3,km^2,area,https://www.cia.gov/library/publications/the-world-factbook/fields/2097.html
,Gambia The,2011,GM,5.0,thousand,3,km^2,area,https://www.cia.gov/library/publications/the-world-factbook/fields/2097.html
,Georgia,2011,GE,27.5,thousand,3,km^2,area,https://www.cia.gov/library/publications/the-world-factbook/fields/2097.html
,Germany,2011,DE,114.0,thousand,3,km^2,area,https://www.cia.gov/library/publications/the-world-factbook/fields/2097.html
,Ghana,2011,GH,51.0,thousand,3,km^2,area,https://www.cia.gov/library/publications/the-world-factbook/fields/2097.html
,Gibraltar,2011,GI,0,unit,0,km^2,area,https://www.cia.gov/library/publications/the-world-factbook/fields/2097.html
,Greece,2011,GR,40.0,thousand,3,km^2,area,https://www.cia.gov/library/publications/the-world-factbook/fields/2097.html
,Greenland,2011,GL,0,million,6,km^2,area,https://www.cia.gov/library/publications/the-world-factbook/fields/2097.html
,Grenada,2011,GD,172.0,unit,0,km^2,area,https://www.cia.gov/library/publications/the-world-factbook/fields/2097.html
,Guam,2011,GU,261.0,unit,0,km^2,area,https://www.cia.gov/library/publications/the-world-factbook/fields/2097.html
,Guatemala,2011,GT,37.0,thousand,3,km^2,area,https://www.cia.gov/library/publications/the-world-factbook/fields/2097.html
,Guinea,2011,GN,65.0,thousand,3,km^2,area,https://www.cia.gov/library/publications/the-world-factbook/fields/2097.html
,Guinea-Bissau,2011,GW,19.9,thousand,3,km^2,area,https://www.cia.gov/library/publications/the-world-factbook/fields/2097.html
,Guyana,2011,GY,166.0,thousand,3,km^2,area,https://www.cia.gov/library/publications/the-world-factbook/fields/2097.html
,Haiti,2011,HT,1.0,thousand,3,km^2,area,https://www.cia.gov/library/publications/the-world-factbook/fields/2097.html
,Holy See (Vatican City),2011,VA,0,unit,0,km^2,area,https://www.cia.gov/library/publications/the-world-factbook/fields/2097.html
,Honduras,2011,HN,51.0,thousand,3,km^2,area,https://www.cia.gov/library/publications/the-world-factbook/fields/2097.html
,Hong Kong,2011,HK,0,thousand,3,km^2,area,https://www.cia.gov/library/publications/the-world-factbook/fields/2097.html
,Hungary,2011,HU,20.9,thousand,3,km^2,area,https://www.cia.gov/library/publications/the-world-factbook/fields/2097.html
,Iceland,2011,IS,309.0,unit,0,km^2,area,https://www.cia.gov/library/publications/the-world-factbook/fields/2097.html
,India,2011,IN,760.0,thousand,3,km^2,area,https://www.cia.gov/library/publications/the-world-factbook/fields/2097.html
,Indonesia,2011,ID,980.0,thousand,3,km^2,area,https://www.cia.gov/library/publications/the-world-factbook/fields/2097.html
,Iran,2011,IR,112.0,thousand,3,km^2,area,https://www.cia.gov/library/publications/the-world-factbook/fields/2097.html
,Iraq,2011,IQ,8.3,thousand,3,km^2,area,https://www.cia.gov/library/publications/the-world-factbook/fields/2097.html
,Ireland,2011,IE,7.7,thousand,3,km^2,area,https://www.cia.gov/library/publications/the-world-factbook/fields/2097.html
,Isle of Man,2011,IM,35.0,unit,0,km^2,area,https://www.cia.gov/library/publications/the-world-factbook/fields/2097.html
,Israel,2011,IL,1.47,thousand,3,km^2,area,https://www.cia.gov/library/publications/the-world-factbook/fields/2097.html
,Italy,2011,IT,95.0,thousand,3,km^2,area,https://www.cia.gov/library/publications/the-world-factbook/fields/2097.html
,Jamaica,2011,JM,3.4,thousand,3,km^2,area,https://www.cia.gov/library/publications/the-world-factbook/fields/2097.html
,Japan,2011,JP,259.0,thousand,3,km^2,area,https://www.cia.gov/library/publications/the-world-factbook/fields/2097.html
,Jersey,2011,JE,0,unit,0,km^2,area,https://www.cia.gov/library/publications/the-world-factbook/fields/2097.html
,Jordan,2011,JO,980.0,unit,0,km^2,area,https://www.cia.gov/library/publications/the-world-factbook/fields/2097.html
,Kazakhstan,2011,KZ,33.0,thousand,3,km^2,area,https://www.cia.gov/library/publications/the-world-factbook/fields/2097.html
,Kenya,2011,KE,35.0,thousand,3,km^2,area,https://www.cia.gov/library/publications/the-world-factbook/fields/2097.html
,Kiribati,2011,KI,122.0,unit,0,km^2,area,https://www.cia.gov/library/publications/the-world-factbook/fields/2097.html
,Korea North,2011,KP,55.0,thousand,3,km^2,area,https://www.cia.gov/library/publications/the-world-factbook/fields/2097.html
,Korea South,2011,KR,64.0,thousand,3,km^2,area,https://www.cia.gov/library/publications/the-world-factbook/fields/2097.html
,Kosovo,2001,KV,4.5,thousand,3,km^2,area,https://www.cia.gov/library/publications/the-world-factbook/fields/2097.html
,Kuwait,2011,KW,71.0,unit,0,km^2,area,https://www.cia.gov/library/publications/the-world-factbook/fields/2097.html
,Kyrgyzstan,2011,KG,10.2,thousand,3,km^2,area,https://www.cia.gov/library/publications/the-world-factbook/fields/2097.html
,Laos,2011,LA,161.0,thousand,3,km^2,area,https://www.cia.gov/library/publications/the-world-factbook/fields/2097.html
,Latvia,2011,LV,35.0,thousand,3,km^2,area,https://www.cia.gov/library/publications/the-world-factbook/fields/2097.html
,Lebanon,2011,LB,1.39,thousand,3,km^2,area,https://www.cia.gov/library/publications/the-world-factbook/fields/2097.html
,Lesotho,2011,LS,460.0,unit,0,km^2,area,https://www.cia.gov/library/publications/the-world-factbook/fields/2097.html
,Liberia,2011,LR,50.0,thousand,3,km^2,area,https://www.cia.gov/library/publications/the-world-factbook/fields/2097.html
,Libya,2011,LY,1.76,thousand,3,km^2,area,https://www.cia.gov/library/publications/the-world-factbook/fields/2097.html
,Liechtenstein,2011,LI,69.0,unit,0,km^2,area,https://www.cia.gov/library/publications/the-world-factbook/fields/2097.html
,Lithuania,2011,LT,22.6,thousand,3,km^2,area,https://www.cia.gov/library/publications/the-world-factbook/fields/2097.html
,Luxembourg,2011,LU,870.0,unit,0,km^2,area,https://www.cia.gov/library/publications/the-world-factbook/fields/2097.html
,Macau,2011,MO,0,unit,0,km^2,area,https://www.cia.gov/library/publications/the-world-factbook/fields/2097.html
,Macedonia,2011,MK,10.2,thousand,3,km^2,area,https://www.cia.gov/library/publications/the-world-factbook/fields/2097.html
,Madagascar,2011,MG,126.0,thousand,3,km^2,area,https://www.cia.gov/library/publications/the-world-factbook/fields/2097.html
,Malawi,2011,MW,40.0,thousand,3,km^2,area,https://www.cia.gov/library/publications/the-world-factbook/fields/2097.html
,Malaysia,2011,MY,205.0,thousand,3,km^2,area,https://www.cia.gov/library/publications/the-world-factbook/fields/2097.html
,Maldives,2011,MV,8.9,unit,0,km^2,area,https://www.cia.gov/library/publications/the-world-factbook/fields/2097.html
,Mali,2011,ML,126.0,thousand,3,km^2,area,https://www.cia.gov/library/publications/the-world-factbook/fields/2097.html
,Malta,2011,MT,2.84,unit,0,km^2,area,https://www.cia.gov/library/publications/the-world-factbook/fields/2097.html
,Marshall Islands,2011,MH,89.0,unit,0,km^2,area,https://www.cia.gov/library/publications/the-world-factbook/fields/2097.html
,Mauritania,2011,MR,2.06,thousand,3,km^2,area,https://www.cia.gov/library/publications/the-world-factbook/fields/2097.html
,Mauritius,2011,MU,350.0,unit,0,km^2,area,https://www.cia.gov/library/publications/the-world-factbook/fields/2097.html
,Mexico,2011,MX,650.0,thousand,3,km^2,area,https://www.cia.gov/library/publications/the-world-factbook/fields/2097.html
,Micronesia Federated States of,2011,FM,520.0,unit,0,km^2,area,https://www.cia.gov/library/publications/the-world-factbook/fields/2097.html
,Moldova,2011,MD,4.0,thousand,3,km^2,area,https://www.cia.gov/library/publications/the-world-factbook/fields/2097.html
,Monaco,2011,MC,0,unit,0,km^2,area,https://www.cia.gov/library/publications/the-world-factbook/fields/2097.html
,Mongolia,2011,MN,109.0,thousand,3,km^2,area,https://www.cia.gov/library/publications/the-world-factbook/fields/2097.html
,Montenegro,2011,ME,5.6,thousand,3,km^2,area,https://www.cia.gov/library/publications/the-world-factbook/fields/2097.html
,Montserrat,2011,MS,25.5,unit,0,km^2,area,https://www.cia.gov/library/publications/the-world-factbook/fields/2097.html
,Morocco,2011,MA,51.0,thousand,3,km^2,area,https://www.cia.gov/library/publications/the-world-factbook/fields/2097.html
,Mozambique,2011,MZ,350.0,thousand,3,km^2,area,https://www.cia.gov/library/publications/the-world-factbook/fields/2097.html
,Namibia,2011,NA,73.0,thousand,3,km^2,area,https://www.cia.gov/library/publications/the-world-factbook/fields/2097.html
,Nauru,2011,NR,0,unit,0,km^2,area,https://www.cia.gov/library/publications/the-world-factbook/fields/2097.html
,Nepal,2011,NP,37.0,thousand,3,km^2,area,https://www.cia.gov/library/publications/the-world-factbook/fields/2097.html
,Netherlands,2011,NL,4.5,thousand,3,km^2,area,https://www.cia.gov/library/publications/the-world-factbook/fields/2097.html
,New Caledonia,2011,NC,8.5,thousand,3,km^2,area,https://www.cia.gov/library/publications/the-world-factbook/fields/2097.html
,New Zealand,2011,NZ,84.0,thousand,3,km^2,area,https://www.cia.gov/library/publications/the-world-factbook/fields/2097.html
,Nicaragua,2011,NI,33.0,thousand,3,km^2,area,https://www.cia.gov/library/publications/the-world-factbook/fields/2097.html
,Niger,2011,NE,12.7,thousand,3,km^2,area,https://www.cia.gov/library/publications/the-world-factbook/fields/2097.html
,Nigeria,2011,NG,88.0,thousand,3,km^2,area,https://www.cia.gov/library/publications/the-world-factbook/fields/2097.html
,Niue,2011,NU,185.0,unit,0,km^2,area,https://www.cia.gov/library/publications/the-world-factbook/fields/2097.html
,Norfolk Island,2011,NF,4.1,unit,0,km^2,area,https://www.cia.gov/library/publications/the-world-factbook/fields/2097.html
,Northern Mariana Islands,2011,MP,304.0,unit,0,km^2,area,https://www.cia.gov/library/publications/the-world-factbook/fields/2097.html
,Norway,2011,NO,90.0,thousand,3,km^2,area,https://www.cia.gov/library/publications/the-world-factbook/fields/2097.html
,Oman,2011,OM,0,thousand,3,km^2,area,https://www.cia.gov/library/publications/the-world-factbook/fields/2097.html
,Pakistan,2011,PK,16.7,thousand,3,km^2,area,https://www.cia.gov/library/publications/the-world-factbook/fields/2097.html
,Palau,2011,PW,400.0,unit,0,km^2,area,https://www.cia.gov/library/publications/the-world-factbook/fields/2097.html
,Panama,2011,PA,33.0,thousand,3,km^2,area,https://www.cia.gov/library/publications/the-world-factbook/fields/2097.html
,Papua New Guinea,2011,PG,292.0,thousand,3,km^2,area,https://www.cia.gov/library/publications/the-world-factbook/fields/2097.html
,Paraguay,2011,PY,178.0,thousand,3,km^2,area,https://www.cia.gov/library/publications/the-world-factbook/fields/2097.html
,Peru,2011,PE,680.0,thousand,3,km^2,area,https://www.cia.gov/library/publications/the-world-factbook/fields/2097.html
,Philippines,2011,PH,78.0,thousand,3,km^2,area,https://www.cia.gov/library/publications/the-world-factbook/fields/2097.html
,Pitcairn Islands,2011,PN,35.0,unit,0,km^2,area,https://www.cia.gov/library/publications/the-world-factbook/fields/2097.html
,Poland,2011,PL,96.0,thousand,3,km^2,area,https://www.cia.gov/library/publications/the-world-factbook/fields/2097.html
,Portugal,2011,PT,35.0,thousand,3,km^2,area,https://www.cia.gov/library/publications/the-world-factbook/fields/2097.html
,Puerto Rico,2011,PR,5.8,thousand,3,km^2,area,https://www.cia.gov/library/publications/the-world-factbook/fields/2097.html
,Qatar,2011,QA,0,thousand,3,km^2,area,https://www.cia.gov/library/publications/the-world-factbook/fields/2097.html
,Romania,2011,RO,68.0,thousand,3,km^2,area,https://www.cia.gov/library/publications/the-world-factbook/fields/2097.html
,Russia,2011,RU,8.4,million,6,km^2,area,https://www.cia.gov/library/publications/the-world-factbook/fields/2097.html
,Rwanda,2011,RW,4.7,thousand,3,km^2,area,https://www.cia.gov/library/publications/the-world-factbook/fields/2097.html
,Saint Helena Ascension and Tristan da Cunha,2011,SH,20.1,unit,0,km^2,area,https://www.cia.gov/library/publications/the-world-factbook/fields/2097.html
,Saint Lucia,2011,LC,470.0,unit,0,km^2,area,https://www.cia.gov/library/publications/the-world-factbook/fields/2097.html
,Saint Pierre and Miquelon,2011,PM,30.2,unit,0,km^2,area,https://www.cia.gov/library/publications/the-world-factbook/fields/2097.html
,Samoa,2011,WS,1.71,thousand,3,km^2,area,https://www.cia.gov/library/publications/the-world-factbook/fields/2097.html
,San Marino,2011,SM,0,unit,0,km^2,area,https://www.cia.gov/library/publications/the-world-factbook/fields/2097.html
,Sao Tome and Principe,2011,ST,271.0,unit,0,km^2,area,https://www.cia.gov/library/publications/the-world-factbook/fields/2097.html
,Saudi Arabia,2011,SA,10.7,thousand,3,km^2,area,https://www.cia.gov/library/publications/the-world-factbook/fields/2097.html
,Senegal,2011,SN,86.0,thousand,3,km^2,area,https://www.cia.gov/library/publications/the-world-factbook/fields/2097.html
,Serbia,2011,RS,24.5,thousand,3,km^2,area,https://www.cia.gov/library/publications/the-world-factbook/fields/2097.html
,Seychelles,2011,SC,400.0,unit,0,km^2,area,https://www.cia.gov/library/publications/the-world-factbook/fields/2097.html
,Sierra Leone,2011,SL,26.9,thousand,3,km^2,area,https://www.cia.gov/library/publications/the-world-factbook/fields/2097.html
,Singapore,2011,SG,23.7,unit,0,km^2,area,https://www.cia.gov/library/publications/the-world-factbook/fields/2097.html
,Slovakia,2011,SK,19.7,thousand,3,km^2,area,https://www.cia.gov/library/publications/the-world-factbook/fields/2097.html
,Slovenia,2011,SI,12.6,thousand,3,km^2,area,https://www.cia.gov/library/publications/the-world-factbook/fields/2097.html
,Solomon Islands,2011,SB,22.8,thousand,3,km^2,area,https://www.cia.gov/library/publications/the-world-factbook/fields/2097.html
,Somalia,2011,SO,68.0,thousand,3,km^2,area,https://www.cia.gov/library/publications/the-world-factbook/fields/2097.html
,South Africa,2011,ZA,93.0,thousand,3,km^2,area,https://www.cia.gov/library/publications/the-world-factbook/fields/2097.html
,Spain,2011,ES,186.0,thousand,3,km^2,area,https://www.cia.gov/library/publications/the-world-factbook/fields/2097.html
,Sri Lanka,2011,LK,19.3,thousand,3,km^2,area,https://www.cia.gov/library/publications/the-world-factbook/fields/2097.html
,Sudan,2011,SD,0,million,6,km^2,area,https://www.cia.gov/library/publications/the-world-factbook/fields/2097.html
,Suriname,2011,SR,155.0,thousand,3,km^2,area,https://www.cia.gov/library/publications/the-world-factbook/fields/2097.html
,Svalbard,2011,SJ,0,thousand,3,km^2,area,https://www.cia.gov/library/publications/the-world-factbook/fields/2097.html
,Swaziland,2011,SZ,5.5,thousand,3,km^2,area,https://www.cia.gov/library/publications/the-world-factbook/fields/2097.html
,Sweden,2011,SE,309.0,thousand,3,km^2,area,https://www.cia.gov/library/publications/the-world-factbook/fields/2097.html
,Switzerland,2011,CH,13.0,thousand,3,km^2,area,https://www.cia.gov/library/publications/the-world-factbook/fields/2097.html
,Syria,2011,SY,5.0,thousand,3,km^2,area,https://www.cia.gov/library/publications/the-world-factbook/fields/2097.html
,Tajikistan,2011,TJ,4.2,thousand,3,km^2,area,https://www.cia.gov/library/publications/the-world-factbook/fields/2097.html
,Tanzania,2011,TZ,350.0,thousand,3,km^2,area,https://www.cia.gov/library/publications/the-world-factbook/fields/2097.html
,Thailand,2011,TH,191.0,thousand,3,km^2,area,https://www.cia.gov/library/publications/the-world-factbook/fields/2097.html
,Timor-Leste,2011,TL,7.3,thousand,3,km^2,area,https://www.cia.gov/library/publications/the-world-factbook/fields/2097.html
,Togo,2011,TG,2.78,thousand,3,km^2,area,https://www.cia.gov/library/publications/the-world-factbook/fields/2097.html
,Tokelau,2011,TK,0,unit,0,km^2,area,https://www.cia.gov/library/publications/the-world-factbook/fields/2097.html
,Tonga,2011,TO,93.0,unit,0,km^2,area,https://www.cia.gov/library/publications/the-world-factbook/fields/2097.html
,Trinidad and Tobago,2011,TT,2.26,thousand,3,km^2,area,https://www.cia.gov/library/publications/the-world-factbook/fields/2097.html
,Tunisia,2011,TN,10.8,thousand,3,km^2,area,https://www.cia.gov/library/publications/the-world-factbook/fields/2097.html
,Turkey,2011,TR,117.0,thousand,3,km^2,area,https://www.cia.gov/library/publications/the-world-factbook/fields/2097.html
,Turkmenistan,2011,TM,43.0,thousand,3,km^2,area,https://www.cia.gov/library/publications/the-world-factbook/fields/2097.html
,Turks and Caicos Islands,2011,TC,340.0,unit,0,km^2,area,https://www.cia.gov/library/publications/the-world-factbook/fields/2097.html
,Tuvalu,2011,TV,8.7,unit,0,km^2,area,https://www.cia.gov/library/publications/the-world-factbook/fields/2097.html
,Uganda,2011,UG,35.0,thousand,3,km^2,area,https://www.cia.gov/library/publications/the-world-factbook/fields/2097.html
,Ukraine,2011,UA,101.0,thousand,3,km^2,area,https://www.cia.gov/library/publications/the-world-factbook/fields/2097.html
,United Arab Emirates,2011,AE,3.2,thousand,3,km^2,area,https://www.cia.gov/library/publications/the-world-factbook/fields/2097.html
,United Kingdom,2011,GB,29.0,thousand,3,km^2,area,https://www.cia.gov/library/publications/the-world-factbook/fields/2097.html
,United States,2011,US,3.3,million,6,km^2,area,https://www.cia.gov/library/publications/the-world-factbook/fields/2097.html
,Uruguay,2011,UY,18.0,thousand,3,km^2,area,https://www.cia.gov/library/publications/the-world-factbook/fields/2097.html
,Uzbekistan,2011,UZ,34.0,thousand,3,km^2,area,https://www.cia.gov/library/publications/the-world-factbook/fields/2097.html
,Vanuatu,2011,VU,4.4,thousand,3,km^2,area,https://www.cia.gov/library/publications/the-world-factbook/fields/2097.html
,Venezuela,2011,VE,480.0,thousand,3,km^2,area,https://www.cia.gov/library/publications/the-world-factbook/fields/2097.html
,Vietnam,2011,VN,149.0,thousand,3,km^2,area,https://www.cia.gov/library/publications/the-world-factbook/fields/2097.html
,Virgin Islands,2011,VI,1.1,thousand,3,km^2,area,https://www.cia.gov/library/publications/the-world-factbook/fields/2097.html
,Wallis and Futuna,2011,WF,59.0,unit,0,km^2,area,https://www.cia.gov/library/publications/the-world-factbook/fields/2097.html
,West Bank,2011,WB,88.0,unit,0,km^2,area,https://www.cia.gov/library/publications/the-world-factbook/fields/2097.html
,Western Sahara,2011,EH,7.2,thousand,3,km^2,area,https://www.cia.gov/library/publications/the-world-factbook/fields/2097.html
,Yemen,2011,YE,5.3,thousand,3,km^2,area,https://www.cia.gov/library/publications/the-world-factbook/fields/2097.html
,Zambia,2011,ZM,500.0,thousand,3,km^2,area,https://www.cia.gov/library/publications/the-world-factbook/fields/2097.html
,Zimbabwe,2011,ZW,154.0,thousand,3,km^2,area,https://www.cia.gov/library/publications/the-world-factbook/fields/2097.html
