,Afghanistan,2014,AF,260.0,thousand,3,km^2,area,https://www.cia.gov/library/publications/the-world-factbook/fields/2097.html
,Albania,2014,AL,8.3,thousand,3,km^2,area,https://www.cia.gov/library/publications/the-world-factbook/fields/2097.html
,Algeria,2014,DZ,1.95,million,6,km^2,area,https://www.cia.gov/library/publications/the-world-factbook/fields/2097.html
,American Samoa,2014,AS,0,unit,0,km^2,area,https://www.cia.gov/library/publications/the-world-factbook/fields/2097.html
,Andorra,2014,AD,101.0,unit,0,km^2,area,https://www.cia.gov/library/publications/the-world-factbook/fields/2097.html
,Angola,2014,AO,75.0,thousand,3,km^2,area,https://www.cia.gov/library/publications/the-world-factbook/fields/2097.html
,Anguilla,2011,AI,35.0,unit,0,km^2,area,https://www.cia.gov/library/publications/the-world-factbook/fields/2097.html
,Argentina,2011,AR,980.0,thousand,3,km^2,area,https://www.cia.gov/library/publications/the-world-factbook/fields/2097.html
,Armenia,2011,AM,9.3,thousand,3,km^2,area,https://www.cia.gov/library/publications/the-world-factbook/fields/2097.html
,Aruba,2011,AW,156.0,unit,0,km^2,area,https://www.cia.gov/library/publications/the-world-factbook/fields/2097.html
,Australia,2011,AU,2.11,million,6,km^2,area,https://www.cia.gov/library/publications/the-world-factbook/fields/2097.html
,Austria,2011,AT,12.1,thousand,3,km^2,area,https://www.cia.gov/library/publications/the-world-factbook/fields/2097.html
,Azerbaijan,2011,AZ,26.9,thousand,3,km^2,area,https://www.cia.gov/library/publications/the-world-factbook/fields/2097.html
,Bahamas The,2011,BS,6.6,thousand,3,km^2,area,https://www.cia.gov/library/publications/the-world-factbook/fields/2097.html
,Bahrain,2011,BH,670.0,unit,0,km^2,area,https://www.cia.gov/library/publications/the-world-factbook/fields/2097.html
,Bangladesh,2011,BD,27.9,thousand,3,km^2,area,https://www.cia.gov/library/publications/the-world-factbook/fields/2097.html
,Barbados,2011,BB,206.0,unit,0,km^2,area,https://www.cia.gov/library/publications/the-world-factbook/fields/2097.html
,Belarus,2011,BY,28.2,thousand,3,km^2,area,https://www.cia.gov/library/publications/the-world-factbook/fields/2097.html
,Belgium,2011,BE,10.2,thousand,3,km^2,area,https://www.cia.gov/library/publications/the-world-factbook/fields/2097.html
,Belize,2011,BZ,7.5,thousand,3,km^2,area,https://www.cia.gov/library/publications/the-world-factbook/fields/2097.html
,Benin,2011,BJ,32.0,thousand,3,km^2,area,https://www.cia.gov/library/publications/the-world-factbook/fields/2097.html
,Bermuda,2011,BM,35.0,unit,0,km^2,area,https://www.cia.gov/library/publications/the-world-factbook/fields/2097.html
,Bhutan,2011,BT,350.0,unit,0,km^2,area,https://www.cia.gov/library/publications/the-world-factbook/fields/2097.html
,Bolivia,2011,BO,145.0,thousand,3,km^2,area,https://www.cia.gov/library/publications/the-world-factbook/fields/2097.html
,Bosnia and Herzegovina,2011,BA,7.7,thousand,3,km^2,area,https://www.cia.gov/library/publications/the-world-factbook/fields/2097.html
,Botswana,2011,BW,200.0,thousand,3,km^2,area,https://www.cia.gov/library/publications/the-world-factbook/fields/2097.html
,Brazil,2011,BR,440.0,thousand,3,km^2,area,https://www.cia.gov/library/publications/the-world-factbook/fields/2097.html
,British Virgin Islands,2011,VG,44.0,unit,0,km^2,area,https://www.cia.gov/library/publications/the-world-factbook/fields/2097.html
,Brunei,2011,BN,1.48,thousand,3,km^2,area,https://www.cia.gov/library/publications/the-world-factbook/fields/2097.html
,Bulgaria,2011,BG,18.2,thousand,3,km^2,area,https://www.cia.gov/library/publications/the-world-factbook/fields/2097.html
,Burkina Faso,2011,BF,100.0,thousand,3,km^2,area,https://www.cia.gov/library/publications/the-world-factbook/fields/2097.html
,Burma,2011,MM,221.0,thousand,3,km^2,area,https://www.cia.gov/library/publications/the-world-factbook/fields/2097.html
,Burundi,2011,BI,5.6,thousand,3,km^2,area,https://www.cia.gov/library/publications/the-world-factbook/fields/2097.html
,Cabo Verde,2011,CV,2.44,thousand,3,km^2,area,https://www.cia.gov/library/publications/the-world-factbook/fields/2097.html
,Cambodia,2011,KH,20.6,thousand,3,km^2,area,https://www.cia.gov/library/publications/the-world-factbook/fields/2097.html
,Cameroon,2011,CM,179.0,thousand,3,km^2,area,https://www.cia.gov/library/publications/the-world-factbook/fields/2097.html
,Canada,2011,CA,5.9,million,6,km^2,area,https://www.cia.gov/library/publications/the-world-factbook/fields/2097.html
,Cayman Islands,2011,KY,95.0,unit,0,km^2,area,https://www.cia.gov/library/publications/the-world-factbook/fields/2097.html
,Central African Republic,2011,CF,350.0,thousand,3,km^2,area,https://www.cia.gov/library/publications/the-world-factbook/fields/2097.html
,Chad,2011,TD,660.0,thousand,3,km^2,area,https://www.cia.gov/library/publications/the-world-factbook/fields/2097.html
,Chile,2011,CL,430.0,thousand,3,km^2,area,https://www.cia.gov/library/publications/the-world-factbook/fields/2097.html
,China,2011,CN,2.21,million,6,km^2,area,https://www.cia.gov/library/publications/the-world-factbook/fields/2097.html
,Colombia,2011,CO,92.0,thousand,3,km^2,area,https://www.cia.gov/library/publications/the-world-factbook/fields/2097.html
,Comoros,2011,KM,320.0,unit,0,km^2,area,https://www.cia.gov/library/publications/the-world-factbook/fields/2097.html
,Congo Democratic Republic of the,2011,CD,490.0,thousand,3,km^2,area,https://www.cia.gov/library/publications/the-world-factbook/fields/2097.html
,Congo Republic of the,2011,CG,11.3,thousand,3,km^2,area,https://www.cia.gov/library/publications/the-world-factbook/fields/2097.html
,Cook Islands,2011,CK,64.0,unit,0,km^2,area,https://www.cia.gov/library/publications/the-world-factbook/fields/2097.html
,Costa Rica,2011,CR,5.8,thousand,3,km^2,area,https://www.cia.gov/library/publications/the-world-factbook/fields/2097.html
,Cote d'Ivoire,2011,CI,8.1,thousand,3,km^2,area,https://www.cia.gov/library/publications/the-world-factbook/fields/2097.html
,Croatia,2011,HR,23.7,thousand,3,km^2,area,https://www.cia.gov/library/publications/the-world-factbook/fields/2097.html
,Cuba,2011,CU,13.7,thousand,3,km^2,area,https://www.cia.gov/library/publications/the-world-factbook/fields/2097.html
,Czechia,2011,CZ,8.5,thousand,3,km^2,area,https://www.cia.gov/library/publications/the-world-factbook/fields/2097.html
,Denmark,2011,DK,10.2,thousand,3,km^2,area,https://www.cia.gov/library/publications/the-world-factbook/fields/2097.html
,Djibouti,2011,DJ,6.1,thousand,3,km^2,area,https://www.cia.gov/library/publications/the-world-factbook/fields/2097.html
,Dominica,2011,DM,46.0,unit,0,km^2,area,https://www.cia.gov/library/publications/the-world-factbook/fields/2097.html
,Dominican Republic,2011,DO,3.7,thousand,3,km^2,area,https://www.cia.gov/library/publications/the-world-factbook/fields/2097.html
,Ecuador,2011,EC,89.0,thousand,3,km^2,area,https://www.cia.gov/library/publications/the-world-factbook/fields/2097.html
,Egypt,2011,EG,960.0,thousand,3,km^2,area,https://www.cia.gov/library/publications/the-world-factbook/fields/2097.html
,El Salvador,2011,SV,2.46,thousand,3,km^2,area,https://www.cia.gov/library/publications/the-world-factbook/fields/2097.html
,Equatorial Guinea,2011,GQ,9.1,thousand,3,km^2,area,https://www.cia.gov/library/publications/the-world-factbook/fields/2097.html
,Eritrea,2011,ER,11.5,thousand,3,km^2,area,https://www.cia.gov/library/publications/the-world-factbook/fields/2097.html
,Estonia,2011,EE,11.6,thousand,3,km^2,area,https://www.cia.gov/library/publications/the-world-factbook/fields/2097.html
,Ethiopia,2011,ET,570.0,thousand,3,km^2,area,https://www.cia.gov/library/publications/the-world-factbook/fields/2097.html
,Falkland Islands (Islas Malvinas),2011,FK,930.0,unit,0,km^2,area,https://www.cia.gov/library/publications/the-world-factbook/fields/2097.html
,Faroe Islands,2011,FO,1.36,thousand,3,km^2,area,https://www.cia.gov/library/publications/the-world-factbook/fields/2097.html
,Fiji,2011,FJ,3.8,thousand,3,km^2,area,https://www.cia.gov/library/publications/the-world-factbook/fields/2097.html
,Finland,2011,FI,66.0,thousand,3,km^2,area,https://www.cia.gov/library/publications/the-world-factbook/fields/2097.html
,France,2011,FR,117.0,thousand,3,km^2,area,https://www.cia.gov/library/publications/the-world-factbook/fields/2097.html
,Gabon,2011,GA,0,thousand,3,km^2,area,https://www.cia.gov/library/publications/the-world-factbook/fields/2097.html
,Gambia The,2011,GM,0,thousand,3,km^2,area,https://www.cia.gov/library/publications/the-world-factbook/fields/2097.html
,Georgia,2011,GE,17.5,thousand,3,km^2,area,https://www.cia.gov/library/publications/the-world-factbook/fields/2097.html
,Germany,2011,DE,72.0,thousand,3,km^2,area,https://www.cia.gov/library/publications/the-world-factbook/fields/2097.html
,Ghana,2011,GH,23.1,thousand,3,km^2,area,https://www.cia.gov/library/publications/the-world-factbook/fields/2097.html
,Gibraltar,2011,GI,6.5,unit,0,km^2,area,https://www.cia.gov/library/publications/the-world-factbook/fields/2097.html
,Greece,2011,GR,8.0,thousand,3,km^2,area,https://www.cia.gov/library/publications/the-world-factbook/fields/2097.html
,Greenland,2011,GL,2.15,million,6,km^2,area,https://www.cia.gov/library/publications/the-world-factbook/fields/2097.html
,Grenada,2011,GD,61.0,unit,0,km^2,area,https://www.cia.gov/library/publications/the-world-factbook/fields/2097.html
,Guam,2011,GU,102.0,unit,0,km^2,area,https://www.cia.gov/library/publications/the-world-factbook/fields/2097.html
,Guatemala,2011,GT,27.4,thousand,3,km^2,area,https://www.cia.gov/library/publications/the-world-factbook/fields/2097.html
,Guinea,2011,GN,38.0,thousand,3,km^2,area,https://www.cia.gov/library/publications/the-world-factbook/fields/2097.html
,Guinea-Bissau,2011,GW,0,thousand,3,km^2,area,https://www.cia.gov/library/publications/the-world-factbook/fields/2097.html
,Guyana,2011,GY,30.5,thousand,3,km^2,area,https://www.cia.gov/library/publications/the-world-factbook/fields/2097.html
,Haiti,2011,HT,8.3,thousand,3,km^2,area,https://www.cia.gov/library/publications/the-world-factbook/fields/2097.html
,Honduras,2011,HN,29.0,thousand,3,km^2,area,https://www.cia.gov/library/publications/the-world-factbook/fields/2097.html
,Hong Kong,2011,HK,1.05,thousand,3,km^2,area,https://www.cia.gov/library/publications/the-world-factbook/fields/2097.html
,Hungary,2011,HU,17.3,thousand,3,km^2,area,https://www.cia.gov/library/publications/the-world-factbook/fields/2097.html
,Iceland,2011,IS,83.0,thousand,3,km^2,area,https://www.cia.gov/library/publications/the-world-factbook/fields/2097.html
,India,2011,IN,540.0,thousand,3,km^2,area,https://www.cia.gov/library/publications/the-world-factbook/fields/2097.html
,Indonesia,2011,ID,330.0,thousand,3,km^2,area,https://www.cia.gov/library/publications/the-world-factbook/fields/2097.html
,Iran,2011,IR,1.04,million,6,km^2,area,https://www.cia.gov/library/publications/the-world-factbook/fields/2097.html
,Iraq,2011,IQ,350.0,thousand,3,km^2,area,https://www.cia.gov/library/publications/the-world-factbook/fields/2097.html
,Ireland,2011,IE,16.2,thousand,3,km^2,area,https://www.cia.gov/library/publications/the-world-factbook/fields/2097.html
,Isle of Man,2011,IM,110.0,unit,0,km^2,area,https://www.cia.gov/library/publications/the-world-factbook/fields/2097.html
,Israel,2011,IL,14.4,thousand,3,km^2,area,https://www.cia.gov/library/publications/the-world-factbook/fields/2097.html
,Italy,2011,IT,65.0,thousand,3,km^2,area,https://www.cia.gov/library/publications/the-world-factbook/fields/2097.html
,Jamaica,2011,JM,3.02,thousand,3,km^2,area,https://www.cia.gov/library/publications/the-world-factbook/fields/2097.html
,Japan,2011,JP,72.0,thousand,3,km^2,area,https://www.cia.gov/library/publications/the-world-factbook/fields/2097.html
,Jersey,2011,JE,39.0,unit,0,km^2,area,https://www.cia.gov/library/publications/the-world-factbook/fields/2097.html
,Jordan,2011,JO,78.0,thousand,3,km^2,area,https://www.cia.gov/library/publications/the-world-factbook/fields/2097.html
,Kazakhstan,2011,KZ,580.0,thousand,3,km^2,area,https://www.cia.gov/library/publications/the-world-factbook/fields/2097.html
,Kenya,2011,KE,266.0,thousand,3,km^2,area,https://www.cia.gov/library/publications/the-world-factbook/fields/2097.html
,Kiribati,2011,KI,350.0,unit,0,km^2,area,https://www.cia.gov/library/publications/the-world-factbook/fields/2097.html
,Korea North,2011,KP,39.0,thousand,3,km^2,area,https://www.cia.gov/library/publications/the-world-factbook/fields/2097.html
,Korea South,2011,KR,17.9,thousand,3,km^2,area,https://www.cia.gov/library/publications/the-world-factbook/fields/2097.html
,Kosovo,2001,KV,600.0,unit,0,km^2,area,https://www.cia.gov/library/publications/the-world-factbook/fields/2097.html
,Kuwait,2011,KW,16.2,thousand,3,km^2,area,https://www.cia.gov/library/publications/the-world-factbook/fields/2097.html
,Kyrgyzstan,2011,KG,79.0,thousand,3,km^2,area,https://www.cia.gov/library/publications/the-world-factbook/fields/2097.html
,Laos,2011,LA,51.0,thousand,3,km^2,area,https://www.cia.gov/library/publications/the-world-factbook/fields/2097.html
,Latvia,2011,LV,10.8,thousand,3,km^2,area,https://www.cia.gov/library/publications/the-world-factbook/fields/2097.html
,Lebanon,2011,LB,2.42,thousand,3,km^2,area,https://www.cia.gov/library/publications/the-world-factbook/fields/2097.html
,Lesotho,2011,LS,6.8,thousand,3,km^2,area,https://www.cia.gov/library/publications/the-world-factbook/fields/2097.html
,Liberia,2011,LR,30.4,thousand,3,km^2,area,https://www.cia.gov/library/publications/the-world-factbook/fields/2097.html
,Libya,2011,LY,1.6,million,6,km^2,area,https://www.cia.gov/library/publications/the-world-factbook/fields/2097.html
,Liechtenstein,2011,LI,30.9,unit,0,km^2,area,https://www.cia.gov/library/publications/the-world-factbook/fields/2097.html
,Lithuania,2011,LT,13.5,thousand,3,km^2,area,https://www.cia.gov/library/publications/the-world-factbook/fields/2097.html
,Luxembourg,2011,LU,410.0,unit,0,km^2,area,https://www.cia.gov/library/publications/the-world-factbook/fields/2097.html
,Macau,2011,MO,28.2,unit,0,km^2,area,https://www.cia.gov/library/publications/the-world-factbook/fields/2097.html
,Macedonia,2011,MK,4.1,thousand,3,km^2,area,https://www.cia.gov/library/publications/the-world-factbook/fields/2097.html
,Madagascar,2011,MG,43.0,thousand,3,km^2,area,https://www.cia.gov/library/publications/the-world-factbook/fields/2097.html
,Malawi,2011,MW,8.1,thousand,3,km^2,area,https://www.cia.gov/library/publications/the-world-factbook/fields/2097.html
,Malaysia,2011,MY,49.0,thousand,3,km^2,area,https://www.cia.gov/library/publications/the-world-factbook/fields/2097.html
,Maldives,2011,MV,220.0,unit,0,km^2,area,https://www.cia.gov/library/publications/the-world-factbook/fields/2097.html
,Mali,2011,ML,690.0,thousand,3,km^2,area,https://www.cia.gov/library/publications/the-world-factbook/fields/2097.html
,Malta,2011,MT,211.0,unit,0,km^2,area,https://www.cia.gov/library/publications/the-world-factbook/fields/2097.html
,Marshall Islands,2011,MH,0,unit,0,km^2,area,https://www.cia.gov/library/publications/the-world-factbook/fields/2097.html
,Mauritania,2011,MR,630.0,thousand,3,km^2,area,https://www.cia.gov/library/publications/the-world-factbook/fields/2097.html
,Mauritius,2011,MU,790.0,unit,0,km^2,area,https://www.cia.gov/library/publications/the-world-factbook/fields/2097.html
,Mexico,2011,MX,232.0,thousand,3,km^2,area,https://www.cia.gov/library/publications/the-world-factbook/fields/2097.html
,Micronesia Federated States of,2011,FM,0,unit,0,km^2,area,https://www.cia.gov/library/publications/the-world-factbook/fields/2097.html
,Moldova,2011,MD,4.5,thousand,3,km^2,area,https://www.cia.gov/library/publications/the-world-factbook/fields/2097.html
,Monaco,2011,MC,1.98,unit,0,km^2,area,https://www.cia.gov/library/publications/the-world-factbook/fields/2097.html
,Mongolia,2011,MN,313.0,thousand,3,km^2,area,https://www.cia.gov/library/publications/the-world-factbook/fields/2097.html
,Montenegro,2011,ME,2.96,thousand,3,km^2,area,https://www.cia.gov/library/publications/the-world-factbook/fields/2097.html
,Montserrat,2011,MS,46.0,unit,0,km^2,area,https://www.cia.gov/library/publications/the-world-factbook/fields/2097.html
,Morocco,2011,MA,94.0,thousand,3,km^2,area,https://www.cia.gov/library/publications/the-world-factbook/fields/2097.html
,Mozambique,2011,MZ,0,thousand,3,km^2,area,https://www.cia.gov/library/publications/the-world-factbook/fields/2097.html
,Namibia,2011,NA,360.0,thousand,3,km^2,area,https://www.cia.gov/library/publications/the-world-factbook/fields/2097.html
,Nauru,2011,NR,16.8,unit,0,km^2,area,https://www.cia.gov/library/publications/the-world-factbook/fields/2097.html
,Nepal,2011,NP,67.0,thousand,3,km^2,area,https://www.cia.gov/library/publications/the-world-factbook/fields/2097.html
,Netherlands,2011,NL,14.2,thousand,3,km^2,area,https://www.cia.gov/library/publications/the-world-factbook/fields/2097.html
,New Caledonia,2011,NC,8.1,thousand,3,km^2,area,https://www.cia.gov/library/publications/the-world-factbook/fields/2097.html
,New Zealand,2011,NZ,68.0,thousand,3,km^2,area,https://www.cia.gov/library/publications/the-world-factbook/fields/2097.html
,Nicaragua,2011,NI,42.0,thousand,3,km^2,area,https://www.cia.gov/library/publications/the-world-factbook/fields/2097.html
,Niger,2011,NE,810.0,thousand,3,km^2,area,https://www.cia.gov/library/publications/the-world-factbook/fields/2097.html
,Nigeria,2011,NG,115.0,thousand,3,km^2,area,https://www.cia.gov/library/publications/the-world-factbook/fields/2097.html
,Niue,2011,NU,25.2,unit,0,km^2,area,https://www.cia.gov/library/publications/the-world-factbook/fields/2097.html
,Norfolk Island,2011,NF,22.9,unit,0,km^2,area,https://www.cia.gov/library/publications/the-world-factbook/fields/2097.html
,Northern Mariana Islands,2011,MP,129.0,unit,0,km^2,area,https://www.cia.gov/library/publications/the-world-factbook/fields/2097.html
,Norway,2011,NO,225.0,thousand,3,km^2,area,https://www.cia.gov/library/publications/the-world-factbook/fields/2097.html
,Oman,2011,OM,295.0,thousand,3,km^2,area,https://www.cia.gov/library/publications/the-world-factbook/fields/2097.html
,Pakistan,2011,PK,500.0,thousand,3,km^2,area,https://www.cia.gov/library/publications/the-world-factbook/fields/2097.html
,Palau,2011,PW,7.3,unit,0,km^2,area,https://www.cia.gov/library/publications/the-world-factbook/fields/2097.html
,Panama,2011,PA,19.5,thousand,3,km^2,area,https://www.cia.gov/library/publications/the-world-factbook/fields/2097.html
,Papua New Guinea,2011,PG,159.0,thousand,3,km^2,area,https://www.cia.gov/library/publications/the-world-factbook/fields/2097.html
,Paraguay,2011,PY,9.8,thousand,3,km^2,area,https://www.cia.gov/library/publications/the-world-factbook/fields/2097.html
,Peru,2011,PE,360.0,thousand,3,km^2,area,https://www.cia.gov/library/publications/the-world-factbook/fields/2097.html
,Philippines,2011,PH,99.0,thousand,3,km^2,area,https://www.cia.gov/library/publications/the-world-factbook/fields/2097.html
,Pitcairn Islands,2011,PN,12.0,unit,0,km^2,area,https://www.cia.gov/library/publications/the-world-factbook/fields/2097.html
,Poland,2011,PL,66.0,thousand,3,km^2,area,https://www.cia.gov/library/publications/the-world-factbook/fields/2097.html
,Portugal,2011,PT,20.7,thousand,3,km^2,area,https://www.cia.gov/library/publications/the-world-factbook/fields/2097.html
,Puerto Rico,2011,PR,1.35,thousand,3,km^2,area,https://www.cia.gov/library/publications/the-world-factbook/fields/2097.html
,Qatar,2011,QA,10.9,thousand,3,km^2,area,https://www.cia.gov/library/publications/the-world-factbook/fields/2097.html
,Romania,2011,RO,25.3,thousand,3,km^2,area,https://www.cia.gov/library/publications/the-world-factbook/fields/2097.html
,Russia,2011,RU,6.4,million,6,km^2,area,https://www.cia.gov/library/publications/the-world-factbook/fields/2097.html
,Rwanda,2011,RW,1.98,thousand,3,km^2,area,https://www.cia.gov/library/publications/the-world-factbook/fields/2097.html
,Saint Helena Ascension and Tristan da Cunha,2011,SH,253.0,unit,0,km^2,area,https://www.cia.gov/library/publications/the-world-factbook/fields/2097.html
,Saint Lucia,2011,LC,34.0,unit,0,km^2,area,https://www.cia.gov/library/publications/the-world-factbook/fields/2097.html
,Saint Pierre and Miquelon,2011,PM,191.0,unit,0,km^2,area,https://www.cia.gov/library/publications/the-world-factbook/fields/2097.html
,Samoa,2011,WS,770.0,unit,0,km^2,area,https://www.cia.gov/library/publications/the-world-factbook/fields/2097.html
,San Marino,2011,SM,51.0,unit,0,km^2,area,https://www.cia.gov/library/publications/the-world-factbook/fields/2097.html
,Sao Tome and Principe,2011,ST,204.0,unit,0,km^2,area,https://www.cia.gov/library/publications/the-world-factbook/fields/2097.html
,Saudi Arabia,2011,SA,400.0,thousand,3,km^2,area,https://www.cia.gov/library/publications/the-world-factbook/fields/2097.html
,Senegal,2011,SN,18.5,thousand,3,km^2,area,https://www.cia.gov/library/publications/the-world-factbook/fields/2097.html
,Serbia,2011,RS,8.1,thousand,3,km^2,area,https://www.cia.gov/library/publications/the-world-factbook/fields/2097.html
,Seychelles,2011,SC,22.8,unit,0,km^2,area,https://www.cia.gov/library/publications/the-world-factbook/fields/2097.html
,Sierra Leone,2011,SL,4.5,thousand,3,km^2,area,https://www.cia.gov/library/publications/the-world-factbook/fields/2097.html
,Singapore,2011,SG,690.0,unit,0,km^2,area,https://www.cia.gov/library/publications/the-world-factbook/fields/2097.html
,Slovakia,2011,SK,9.7,thousand,3,km^2,area,https://www.cia.gov/library/publications/the-world-factbook/fields/2097.html
,Slovenia,2011,SI,3.02,thousand,3,km^2,area,https://www.cia.gov/library/publications/the-world-factbook/fields/2097.html
,Solomon Islands,2011,SB,5.0,thousand,3,km^2,area,https://www.cia.gov/library/publications/the-world-factbook/fields/2097.html
,Somalia,2011,SO,122.0,thousand,3,km^2,area,https://www.cia.gov/library/publications/the-world-factbook/fields/2097.html
,South Africa,2011,ZA,158.0,thousand,3,km^2,area,https://www.cia.gov/library/publications/the-world-factbook/fields/2097.html
,Spain,2011,ES,46.0,thousand,3,km^2,area,https://www.cia.gov/library/publications/the-world-factbook/fields/2097.html
,Sri Lanka,2011,LK,17.8,thousand,3,km^2,area,https://www.cia.gov/library/publications/the-world-factbook/fields/2097.html
,Sudan,2011,SD,0,million,6,km^2,area,https://www.cia.gov/library/publications/the-world-factbook/fields/2097.html
,Suriname,2011,SR,8.0,thousand,3,km^2,area,https://www.cia.gov/library/publications/the-world-factbook/fields/2097.html
,Svalbard,2011,SJ,62.0,thousand,3,km^2,area,https://www.cia.gov/library/publications/the-world-factbook/fields/2097.html
,Swaziland,2011,SZ,0,thousand,3,km^2,area,https://www.cia.gov/library/publications/the-world-factbook/fields/2097.html
,Sweden,2011,SE,107.0,thousand,3,km^2,area,https://www.cia.gov/library/publications/the-world-factbook/fields/2097.html
,Switzerland,2011,CH,12.3,thousand,3,km^2,area,https://www.cia.gov/library/publications/the-world-factbook/fields/2097.html
,Syria,2011,SY,40.0,thousand,3,km^2,area,https://www.cia.gov/library/publications/the-world-factbook/fields/2097.html
,Taiwan,2011,TW,27.8,thousand,3,km^2,area,https://www.cia.gov/library/publications/the-world-factbook/fields/2097.html
,Tajikistan,2011,TJ,90.0,thousand,3,km^2,area,https://www.cia.gov/library/publications/the-world-factbook/fields/2097.html
,Tanzania,2011,TZ,180.0,thousand,3,km^2,area,https://www.cia.gov/library/publications/the-world-factbook/fields/2097.html
,Thailand,2011,TH,111.0,thousand,3,km^2,area,https://www.cia.gov/library/publications/the-world-factbook/fields/2097.html
,Timor-Leste,2011,TL,3.8,thousand,3,km^2,area,https://www.cia.gov/library/publications/the-world-factbook/fields/2097.html
,Togo,2011,TG,15.7,thousand,3,km^2,area,https://www.cia.gov/library/publications/the-world-factbook/fields/2097.html
,Tokelau,2011,TK,4.8,unit,0,km^2,area,https://www.cia.gov/library/publications/the-world-factbook/fields/2097.html
,Tonga,2011,TO,330.0,unit,0,km^2,area,https://www.cia.gov/library/publications/the-world-factbook/fields/2097.html
,Trinidad and Tobago,2011,TT,2.33,thousand,3,km^2,area,https://www.cia.gov/library/publications/the-world-factbook/fields/2097.html
,Tunisia,2011,TN,47.0,thousand,3,km^2,area,https://www.cia.gov/library/publications/the-world-factbook/fields/2097.html
,Turkey,2011,TR,277.0,thousand,3,km^2,area,https://www.cia.gov/library/publications/the-world-factbook/fields/2097.html
,Turkmenistan,2011,TM,94.0,thousand,3,km^2,area,https://www.cia.gov/library/publications/the-world-factbook/fields/2097.html
,Turks and Caicos Islands,2011,TC,590.0,unit,0,km^2,area,https://www.cia.gov/library/publications/the-world-factbook/fields/2097.html
,Tuvalu,2011,TV,1.74,unit,0,km^2,area,https://www.cia.gov/library/publications/the-world-factbook/fields/2097.html
,Uganda,2011,UG,34.0,thousand,3,km^2,area,https://www.cia.gov/library/publications/the-world-factbook/fields/2097.html
,Ukraine,2011,UA,72.0,thousand,3,km^2,area,https://www.cia.gov/library/publications/the-world-factbook/fields/2097.html
,United Arab Emirates,2011,AE,77.0,thousand,3,km^2,area,https://www.cia.gov/library/publications/the-world-factbook/fields/2097.html
,United Kingdom,2011,GB,42.0,thousand,3,km^2,area,https://www.cia.gov/library/publications/the-world-factbook/fields/2097.html
,United States,2011,US,2.18,million,6,km^2,area,https://www.cia.gov/library/publications/the-world-factbook/fields/2097.html
,Uruguay,2011,UY,4.6,thousand,3,km^2,area,https://www.cia.gov/library/publications/the-world-factbook/fields/2097.html
,Uzbekistan,2011,UZ,133.0,thousand,3,km^2,area,https://www.cia.gov/library/publications/the-world-factbook/fields/2097.html
,Vanuatu,2011,VU,5.9,thousand,3,km^2,area,https://www.cia.gov/library/publications/the-world-factbook/fields/2097.html
,Venezuela,2011,VE,213.0,thousand,3,km^2,area,https://www.cia.gov/library/publications/the-world-factbook/fields/2097.html
,Vietnam,2011,VN,67.0,thousand,3,km^2,area,https://www.cia.gov/library/publications/the-world-factbook/fields/2097.html
,Virgin Islands,2011,VI,590.0,unit,0,km^2,area,https://www.cia.gov/library/publications/the-world-factbook/fields/2097.html
,Wallis and Futuna,2011,WF,21.7,unit,0,km^2,area,https://www.cia.gov/library/publications/the-world-factbook/fields/2097.html
,West Bank,2011,WB,3.2,thousand,3,km^2,area,https://www.cia.gov/library/publications/the-world-factbook/fields/2097.html
,Western Sahara,2011,EH,209.0,thousand,3,km^2,area,https://www.cia.gov/library/publications/the-world-factbook/fields/2097.html
,Yemen,2011,YE,288.0,thousand,3,km^2,area,https://www.cia.gov/library/publications/the-world-factbook/fields/2097.html
,Zambia,2011,ZM,15.1,thousand,3,km^2,area,https://www.cia.gov/library/publications/the-world-factbook/fields/2097.html
,Zimbabwe,2011,ZW,70.0,thousand,3,km^2,area,https://www.cia.gov/library/publications/the-world-factbook/fields/2097.html
