,Afghanistan,2017,AF,34.125,million,6,people,count,https://www.cia.gov/library/publications/the-world-factbook/fields/2119.html
,Albania,2017,AL,3.04799,million,6,people,count,https://www.cia.gov/library/publications/the-world-factbook/fields/2119.html
,Algeria,2017,DZ,40.969,million,6,people,count,https://www.cia.gov/library/publications/the-world-factbook/fields/2119.html
,American Samoa,2017,AS,51.504,thousand,3,people,count,https://www.cia.gov/library/publications/the-world-factbook/fields/2119.html
,Andorra,2017,AD,76.965,thousand,3,people,count,https://www.cia.gov/library/publications/the-world-factbook/fields/2119.html
,Angola,2017,AO,29.3103,million,6,people,count,https://www.cia.gov/library/publications/the-world-factbook/fields/2119.html
,Anguilla,2017,AI,17.087,thousand,3,people,count,https://www.cia.gov/library/publications/the-world-factbook/fields/2119.html
,Antigua and Barbuda,2017,AG,94.731,thousand,3,people,count,https://www.cia.gov/library/publications/the-world-factbook/fields/2119.html
,Argentina,2017,AR,44.293,million,6,people,count,https://www.cia.gov/library/publications/the-world-factbook/fields/2119.html
,Armenia,2017,AM,3.04519,million,6,people,count,https://www.cia.gov/library/publications/the-world-factbook/fields/2119.html
,Aruba,2017,AW,115.12,thousand,3,people,count,https://www.cia.gov/library/publications/the-world-factbook/fields/2119.html
,Australia,2017,AU,23.2324,million,6,people,count,https://www.cia.gov/library/publications/the-world-factbook/fields/2119.html
,Austria,2017,AT,8.7544,million,6,people,count,https://www.cia.gov/library/publications/the-world-factbook/fields/2119.html
,Azerbaijan,2017,AZ,9.9614,million,6,people,count,https://www.cia.gov/library/publications/the-world-factbook/fields/2119.html
,Bahamas The,2017,BS,329.99,thousand,3,people,count,https://www.cia.gov/library/publications/the-world-factbook/fields/2119.html
,Bahrain,2017,BH,1.41094,million,6,people,count,https://www.cia.gov/library/publications/the-world-factbook/fields/2119.html
,Bangladesh,2017,BD,157.827,million,6,people,count,https://www.cia.gov/library/publications/the-world-factbook/fields/2119.html
,Barbados,2017,BB,292.336,thousand,3,people,count,https://www.cia.gov/library/publications/the-world-factbook/fields/2119.html
,Belarus,2017,BY,9.5497,million,6,people,count,https://www.cia.gov/library/publications/the-world-factbook/fields/2119.html
,Belgium,2017,BE,11.4913,million,6,people,count,https://www.cia.gov/library/publications/the-world-factbook/fields/2119.html
,Belize,2017,BZ,360.35,thousand,3,people,count,https://www.cia.gov/library/publications/the-world-factbook/fields/2119.html
,Benin,2017,BJ,11.0388,million,6,people,count,https://www.cia.gov/library/publications/the-world-factbook/fields/2119.html
,Bermuda,2017,BM,70.864,thousand,3,people,count,https://www.cia.gov/library/publications/the-world-factbook/fields/2119.html
,Bhutan,2017,BT,758.29,thousand,3,people,count,https://www.cia.gov/library/publications/the-world-factbook/fields/2119.html
,Bolivia,2017,BO,11.1382,million,6,people,count,https://www.cia.gov/library/publications/the-world-factbook/fields/2119.html
,Bosnia and Herzegovina,2017,BA,3.8562,million,6,people,count,https://www.cia.gov/library/publications/the-world-factbook/fields/2119.html
,Botswana,2017,BW,2.21486,million,6,people,count,https://www.cia.gov/library/publications/the-world-factbook/fields/2119.html
,Brazil,2017,BR,207.353,million,6,people,count,https://www.cia.gov/library/publications/the-world-factbook/fields/2119.html
,British Virgin Islands,2017,VG,35.015,thousand,3,people,count,https://www.cia.gov/library/publications/the-world-factbook/fields/2119.html
,Brunei,2017,BN,443.59,thousand,3,people,count,https://www.cia.gov/library/publications/the-world-factbook/fields/2119.html
,Bulgaria,2017,BG,7.1015,million,6,people,count,https://www.cia.gov/library/publications/the-world-factbook/fields/2119.html
,Burkina Faso,2017,BF,20.1075,million,6,people,count,https://www.cia.gov/library/publications/the-world-factbook/fields/2119.html
,Burma,2017,MM,55.124,million,6,people,count,https://www.cia.gov/library/publications/the-world-factbook/fields/2119.html
,Burundi,2017,BI,11.4668,million,6,people,count,https://www.cia.gov/library/publications/the-world-factbook/fields/2119.html
,Cabo Verde,2017,CV,560.9,thousand,3,people,count,https://www.cia.gov/library/publications/the-world-factbook/fields/2119.html
,Cambodia,2017,KH,16.2045,million,6,people,count,https://www.cia.gov/library/publications/the-world-factbook/fields/2119.html
,Cameroon,2017,CM,24.9949,million,6,people,count,https://www.cia.gov/library/publications/the-world-factbook/fields/2119.html
,Canada,2017,CA,35.624,million,6,people,count,https://www.cia.gov/library/publications/the-world-factbook/fields/2119.html
,Cayman Islands,2017,KY,58.441,thousand,3,people,count,https://www.cia.gov/library/publications/the-world-factbook/fields/2119.html
,Central African Republic,2017,CF,5.6251,million,6,people,count,https://www.cia.gov/library/publications/the-world-factbook/fields/2119.html
,Chad,2017,TD,12.076,million,6,people,count,https://www.cia.gov/library/publications/the-world-factbook/fields/2119.html
,Chile,2017,CL,17.7893,million,6,people,count,https://www.cia.gov/library/publications/the-world-factbook/fields/2119.html
,China,2017,CN,1.3793,billion,9,people,count,https://www.cia.gov/library/publications/the-world-factbook/fields/2119.html
,Christmas Island,2016,CX,2.205,thousand,3,people,count,https://www.cia.gov/library/publications/the-world-factbook/fields/2119.html
,Colombia,2017,CO,47.699,million,6,people,count,https://www.cia.gov/library/publications/the-world-factbook/fields/2119.html
,Comoros,2017,KM,808.08,thousand,3,people,count,https://www.cia.gov/library/publications/the-world-factbook/fields/2119.html
,Congo Democratic Republic of the,2017,CD,83.301,million,6,people,count,https://www.cia.gov/library/publications/the-world-factbook/fields/2119.html
,Congo Republic of the,2017,CG,4.9547,million,6,people,count,https://www.cia.gov/library/publications/the-world-factbook/fields/2119.html
,Cook Islands,2017,CK,9.29,thousand,3,people,count,https://www.cia.gov/library/publications/the-world-factbook/fields/2119.html
,Costa Rica,2017,CR,4.9303,million,6,people,count,https://www.cia.gov/library/publications/the-world-factbook/fields/2119.html
,Cote d'Ivoire,2017,CI,24.1848,million,6,people,count,https://www.cia.gov/library/publications/the-world-factbook/fields/2119.html
,Croatia,2017,HR,4.2921,million,6,people,count,https://www.cia.gov/library/publications/the-world-factbook/fields/2119.html
,Cuba,2017,CU,11.1474,million,6,people,count,https://www.cia.gov/library/publications/the-world-factbook/fields/2119.html
,Cyprus,2017,CY,1.22155,million,6,people,count,https://www.cia.gov/library/publications/the-world-factbook/fields/2119.html
,Czechia,2017,CZ,10.6747,million,6,people,count,https://www.cia.gov/library/publications/the-world-factbook/fields/2119.html
,Denmark,2017,DK,5.6059,million,6,people,count,https://www.cia.gov/library/publications/the-world-factbook/fields/2119.html
,Djibouti,2017,DJ,865.27,thousand,3,people,count,https://www.cia.gov/library/publications/the-world-factbook/fields/2119.html
,Dominica,2017,DM,73.897,thousand,3,people,count,https://www.cia.gov/library/publications/the-world-factbook/fields/2119.html
,Dominican Republic,2017,DO,10.7342,million,6,people,count,https://www.cia.gov/library/publications/the-world-factbook/fields/2119.html
,Ecuador,2017,EC,16.2909,million,6,people,count,https://www.cia.gov/library/publications/the-world-factbook/fields/2119.html
,Egypt,2017,EG,97.041,million,6,people,count,https://www.cia.gov/library/publications/the-world-factbook/fields/2119.html
,El Salvador,2017,SV,6.172,million,6,people,count,https://www.cia.gov/library/publications/the-world-factbook/fields/2119.html
,Equatorial Guinea,2017,GQ,778.36,thousand,3,people,count,https://www.cia.gov/library/publications/the-world-factbook/fields/2119.html
,Eritrea,2017,ER,5.9189,million,6,people,count,https://www.cia.gov/library/publications/the-world-factbook/fields/2119.html
,Estonia,2017,EE,1.25158,million,6,people,count,https://www.cia.gov/library/publications/the-world-factbook/fields/2119.html
,Ethiopia,2017,ET,105.35,million,6,people,count,https://www.cia.gov/library/publications/the-world-factbook/fields/2119.html
,Faroe Islands,2017,FO,50.73,thousand,3,people,count,https://www.cia.gov/library/publications/the-world-factbook/fields/2119.html
,Fiji,2017,FJ,920.94,thousand,3,people,count,https://www.cia.gov/library/publications/the-world-factbook/fields/2119.html
,Finland,2017,FI,5.5184,million,6,people,count,https://www.cia.gov/library/publications/the-world-factbook/fields/2119.html
,France,2017,FR,67.106,million,6,people,count,https://www.cia.gov/library/publications/the-world-factbook/fields/2119.html
,French Polynesia,2017,PF,287.881,thousand,3,people,count,https://www.cia.gov/library/publications/the-world-factbook/fields/2119.html
,Gabon,2017,GA,1.77226,million,6,people,count,https://www.cia.gov/library/publications/the-world-factbook/fields/2119.html
,Gambia The,2017,GM,2.05136,million,6,people,count,https://www.cia.gov/library/publications/the-world-factbook/fields/2119.html
,Georgia,2017,GE,4.9263,million,6,people,count,https://www.cia.gov/library/publications/the-world-factbook/fields/2119.html
,Germany,2017,DE,80.594,million,6,people,count,https://www.cia.gov/library/publications/the-world-factbook/fields/2119.html
,Ghana,2017,GH,27.4999,million,6,people,count,https://www.cia.gov/library/publications/the-world-factbook/fields/2119.html
,Gibraltar,2017,GI,29.396,thousand,3,people,count,https://www.cia.gov/library/publications/the-world-factbook/fields/2119.html
,Greece,2017,GR,10.7685,million,6,people,count,https://www.cia.gov/library/publications/the-world-factbook/fields/2119.html
,Greenland,2017,GL,57.713,thousand,3,people,count,https://www.cia.gov/library/publications/the-world-factbook/fields/2119.html
,Grenada,2017,GD,111.724,thousand,3,people,count,https://www.cia.gov/library/publications/the-world-factbook/fields/2119.html
,Guam,2017,GU,167.358,thousand,3,people,count,https://www.cia.gov/library/publications/the-world-factbook/fields/2119.html
,Guatemala,2017,GT,15.4607,million,6,people,count,https://www.cia.gov/library/publications/the-world-factbook/fields/2119.html
,Guernsey,2017,GG,66.502,thousand,3,people,count,https://www.cia.gov/library/publications/the-world-factbook/fields/2119.html
,Guinea,2017,GN,12.4139,million,6,people,count,https://www.cia.gov/library/publications/the-world-factbook/fields/2119.html
,Guinea-Bissau,2017,GW,1.79234,million,6,people,count,https://www.cia.gov/library/publications/the-world-factbook/fields/2119.html
,Guyana,2017,GY,737.72,thousand,3,people,count,https://www.cia.gov/library/publications/the-world-factbook/fields/2119.html
,Haiti,2017,HT,10.6467,million,6,people,count,https://www.cia.gov/library/publications/the-world-factbook/fields/2119.html
,Honduras,2017,HN,9.0387,million,6,people,count,https://www.cia.gov/library/publications/the-world-factbook/fields/2119.html
,Hong Kong,2017,HK,7.1915,million,6,people,count,https://www.cia.gov/library/publications/the-world-factbook/fields/2119.html
,Hungary,2017,HU,9.8508,million,6,people,count,https://www.cia.gov/library/publications/the-world-factbook/fields/2119.html
,Iceland,2017,IS,339.75,thousand,3,people,count,https://www.cia.gov/library/publications/the-world-factbook/fields/2119.html
,India,2017,IN,1.28194,billion,9,people,count,https://www.cia.gov/library/publications/the-world-factbook/fields/2119.html
,Indonesia,2017,ID,260.581,million,6,people,count,https://www.cia.gov/library/publications/the-world-factbook/fields/2119.html
,Iran,2017,IR,82.022,million,6,people,count,https://www.cia.gov/library/publications/the-world-factbook/fields/2119.html
,Iraq,2017,IQ,39.192,million,6,people,count,https://www.cia.gov/library/publications/the-world-factbook/fields/2119.html
,Ireland,2017,IE,5.0111,million,6,people,count,https://www.cia.gov/library/publications/the-world-factbook/fields/2119.html
,Isle of Man,2017,IM,88.815,thousand,3,people,count,https://www.cia.gov/library/publications/the-world-factbook/fields/2119.html
,Israel,2017,IL,8.2997,million,6,people,count,https://www.cia.gov/library/publications/the-world-factbook/fields/2119.html
,Italy,2017,IT,62.138,million,6,people,count,https://www.cia.gov/library/publications/the-world-factbook/fields/2119.html
,Jamaica,2017,JM,2.99056,million,6,people,count,https://www.cia.gov/library/publications/the-world-factbook/fields/2119.html
,Japan,2017,JP,126.451,million,6,people,count,https://www.cia.gov/library/publications/the-world-factbook/fields/2119.html
,Jersey,2017,JE,98.84,thousand,3,people,count,https://www.cia.gov/library/publications/the-world-factbook/fields/2119.html
,Jordan,2017,JO,10.2481,million,6,people,count,https://www.cia.gov/library/publications/the-world-factbook/fields/2119.html
,Kazakhstan,2017,KZ,18.5567,million,6,people,count,https://www.cia.gov/library/publications/the-world-factbook/fields/2119.html
,Kenya,2017,KE,47.616,million,6,people,count,https://www.cia.gov/library/publications/the-world-factbook/fields/2119.html
,Kiribati,2017,KI,108.145,thousand,3,people,count,https://www.cia.gov/library/publications/the-world-factbook/fields/2119.html
,Korea North,2017,KP,25.2481,million,6,people,count,https://www.cia.gov/library/publications/the-world-factbook/fields/2119.html
,Korea South,2017,KR,51.181,million,6,people,count,https://www.cia.gov/library/publications/the-world-factbook/fields/2119.html
,Kosovo,2017,KV,1.89525,million,6,people,count,https://www.cia.gov/library/publications/the-world-factbook/fields/2119.html
,Kuwait,2017,KW,2.87542,million,6,people,count,https://www.cia.gov/library/publications/the-world-factbook/fields/2119.html
,Kyrgyzstan,2017,KG,5.7891,million,6,people,count,https://www.cia.gov/library/publications/the-world-factbook/fields/2119.html
,Laos,2017,LA,7.1267,million,6,people,count,https://www.cia.gov/library/publications/the-world-factbook/fields/2119.html
,Latvia,2017,LV,1.94464,million,6,people,count,https://www.cia.gov/library/publications/the-world-factbook/fields/2119.html
,Lebanon,2017,LB,6.2298,million,6,people,count,https://www.cia.gov/library/publications/the-world-factbook/fields/2119.html
,Lesotho,2017,LS,1.95804,million,6,people,count,https://www.cia.gov/library/publications/the-world-factbook/fields/2119.html
,Liberia,2017,LR,4.689,million,6,people,count,https://www.cia.gov/library/publications/the-world-factbook/fields/2119.html
,Libya,2017,LY,6.6532,million,6,people,count,https://www.cia.gov/library/publications/the-world-factbook/fields/2119.html
,Liechtenstein,2017,LI,38.244,thousand,3,people,count,https://www.cia.gov/library/publications/the-world-factbook/fields/2119.html
,Lithuania,2017,LT,2.82386,million,6,people,count,https://www.cia.gov/library/publications/the-world-factbook/fields/2119.html
,Luxembourg,2017,LU,594.13,thousand,3,people,count,https://www.cia.gov/library/publications/the-world-factbook/fields/2119.html
,Macau,2017,MO,601.97,thousand,3,people,count,https://www.cia.gov/library/publications/the-world-factbook/fields/2119.html
,Macedonia,2017,MK,2.10372,million,6,people,count,https://www.cia.gov/library/publications/the-world-factbook/fields/2119.html
,Madagascar,2017,MG,25.0542,million,6,people,count,https://www.cia.gov/library/publications/the-world-factbook/fields/2119.html
,Malawi,2017,MW,19.1962,million,6,people,count,https://www.cia.gov/library/publications/the-world-factbook/fields/2119.html
,Malaysia,2017,MY,31.382,million,6,people,count,https://www.cia.gov/library/publications/the-world-factbook/fields/2119.html
,Maldives,2017,MV,392.71,thousand,3,people,count,https://www.cia.gov/library/publications/the-world-factbook/fields/2119.html
,Mali,2017,ML,17.8852,million,6,people,count,https://www.cia.gov/library/publications/the-world-factbook/fields/2119.html
,Malta,2017,MT,416.34,thousand,3,people,count,https://www.cia.gov/library/publications/the-world-factbook/fields/2119.html
,Marshall Islands,2017,MH,74.539,thousand,3,people,count,https://www.cia.gov/library/publications/the-world-factbook/fields/2119.html
,Mauritania,2017,MR,3.7586,million,6,people,count,https://www.cia.gov/library/publications/the-world-factbook/fields/2119.html
,Mauritius,2017,MU,1.35639,million,6,people,count,https://www.cia.gov/library/publications/the-world-factbook/fields/2119.html
,Mexico,2017,MX,124.575,million,6,people,count,https://www.cia.gov/library/publications/the-world-factbook/fields/2119.html
,Micronesia Federated States of,2017,FM,104.196,thousand,3,people,count,https://www.cia.gov/library/publications/the-world-factbook/fields/2119.html
,Moldova,2017,MD,3.4741,million,6,people,count,https://www.cia.gov/library/publications/the-world-factbook/fields/2119.html
,Monaco,2017,MC,30.645,thousand,3,people,count,https://www.cia.gov/library/publications/the-world-factbook/fields/2119.html
,Mongolia,2017,MN,3.06824,million,6,people,count,https://www.cia.gov/library/publications/the-world-factbook/fields/2119.html
,Montenegro,2017,ME,642.55,thousand,3,people,count,https://www.cia.gov/library/publications/the-world-factbook/fields/2119.html
,Montserrat,2017,MS,5.292,thousand,3,people,count,https://www.cia.gov/library/publications/the-world-factbook/fields/2119.html
,Morocco,2017,MA,33.987,million,6,people,count,https://www.cia.gov/library/publications/the-world-factbook/fields/2119.html
,Mozambique,2017,MZ,26.5737,million,6,people,count,https://www.cia.gov/library/publications/the-world-factbook/fields/2119.html
,Namibia,2017,NA,2.48478,million,6,people,count,https://www.cia.gov/library/publications/the-world-factbook/fields/2119.html
,Nauru,2017,NR,11.359,thousand,3,people,count,https://www.cia.gov/library/publications/the-world-factbook/fields/2119.html
,Nepal,2017,NP,29.3843,million,6,people,count,https://www.cia.gov/library/publications/the-world-factbook/fields/2119.html
,Netherlands,2017,NL,17.0847,million,6,people,count,https://www.cia.gov/library/publications/the-world-factbook/fields/2119.html
,New Caledonia,2017,NC,279.07,thousand,3,people,count,https://www.cia.gov/library/publications/the-world-factbook/fields/2119.html
,New Zealand,2017,NZ,4.5103,million,6,people,count,https://www.cia.gov/library/publications/the-world-factbook/fields/2119.html
,Nicaragua,2017,NI,6.026,million,6,people,count,https://www.cia.gov/library/publications/the-world-factbook/fields/2119.html
,Niger,2017,NE,19.2453,million,6,people,count,https://www.cia.gov/library/publications/the-world-factbook/fields/2119.html
,Nigeria,2017,NG,190.632,million,6,people,count,https://www.cia.gov/library/publications/the-world-factbook/fields/2119.html
,Niue,2017,NU,1.618,thousand,3,people,count,https://www.cia.gov/library/publications/the-world-factbook/fields/2119.html
,Northern Mariana Islands,2017,MP,52.263,thousand,3,people,count,https://www.cia.gov/library/publications/the-world-factbook/fields/2119.html
,Norway,2017,NO,5.32,million,6,people,count,https://www.cia.gov/library/publications/the-world-factbook/fields/2119.html
,Oman,2017,OM,4.6132,million,6,people,count,https://www.cia.gov/library/publications/the-world-factbook/fields/2119.html
,Pakistan,2017,PK,204.925,million,6,people,count,https://www.cia.gov/library/publications/the-world-factbook/fields/2119.html
,Palau,2017,PW,21.431,thousand,3,people,count,https://www.cia.gov/library/publications/the-world-factbook/fields/2119.html
,Panama,2017,PA,3.7531,million,6,people,count,https://www.cia.gov/library/publications/the-world-factbook/fields/2119.html
,Papua New Guinea,2017,PG,6.9097,million,6,people,count,https://www.cia.gov/library/publications/the-world-factbook/fields/2119.html
,Paraguay,2017,PY,6.9437,million,6,people,count,https://www.cia.gov/library/publications/the-world-factbook/fields/2119.html
,Peru,2017,PE,31.0367,million,6,people,count,https://www.cia.gov/library/publications/the-world-factbook/fields/2119.html
,Philippines,2017,PH,104.256,million,6,people,count,https://www.cia.gov/library/publications/the-world-factbook/fields/2119.html
,Pitcairn Islands,2016,PN,54.0,unit,0,people,count,https://www.cia.gov/library/publications/the-world-factbook/fields/2119.html
,Poland,2017,PL,38.476,million,6,people,count,https://www.cia.gov/library/publications/the-world-factbook/fields/2119.html
,Portugal,2017,PT,10.8395,million,6,people,count,https://www.cia.gov/library/publications/the-world-factbook/fields/2119.html
,Puerto Rico,2017,PR,3.3518,million,6,people,count,https://www.cia.gov/library/publications/the-world-factbook/fields/2119.html
,Qatar,2017,QA,2.31431,million,6,people,count,https://www.cia.gov/library/publications/the-world-factbook/fields/2119.html
,Romania,2017,RO,21.53,million,6,people,count,https://www.cia.gov/library/publications/the-world-factbook/fields/2119.html
,Russia,2017,RU,142.258,million,6,people,count,https://www.cia.gov/library/publications/the-world-factbook/fields/2119.html
,Rwanda,2017,RW,11.9015,million,6,people,count,https://www.cia.gov/library/publications/the-world-factbook/fields/2119.html
,Saint Helena Ascension and Tristan da Cunha,2017,SH,7.828,thousand,3,people,count,https://www.cia.gov/library/publications/the-world-factbook/fields/2119.html
,Saint Kitts and Nevis,2017,KN,52.715,thousand,3,people,count,https://www.cia.gov/library/publications/the-world-factbook/fields/2119.html
,Saint Lucia,2017,LC,164.994,thousand,3,people,count,https://www.cia.gov/library/publications/the-world-factbook/fields/2119.html
,Saint Pierre and Miquelon,2017,PM,5.533,thousand,3,people,count,https://www.cia.gov/library/publications/the-world-factbook/fields/2119.html
,Saint Vincent and the Grenadines,2017,VC,102.089,thousand,3,people,count,https://www.cia.gov/library/publications/the-world-factbook/fields/2119.html
,Samoa,2017,WS,200.108,thousand,3,people,count,https://www.cia.gov/library/publications/the-world-factbook/fields/2119.html
,San Marino,2017,SM,33.537,thousand,3,people,count,https://www.cia.gov/library/publications/the-world-factbook/fields/2119.html
,Sao Tome and Principe,2017,ST,201.025,thousand,3,people,count,https://www.cia.gov/library/publications/the-world-factbook/fields/2119.html
,Saudi Arabia,2017,SA,28.5718,million,6,people,count,https://www.cia.gov/library/publications/the-world-factbook/fields/2119.html
,Senegal,2017,SN,14.6685,million,6,people,count,https://www.cia.gov/library/publications/the-world-factbook/fields/2119.html
,Serbia,2017,RS,7.111,million,6,people,count,https://www.cia.gov/library/publications/the-world-factbook/fields/2119.html
,Seychelles,2017,SC,93.92,thousand,3,people,count,https://www.cia.gov/library/publications/the-world-factbook/fields/2119.html
,Sierra Leone,2017,SL,6.1632,million,6,people,count,https://www.cia.gov/library/publications/the-world-factbook/fields/2119.html
,Singapore,2017,SG,5.8889,million,6,people,count,https://www.cia.gov/library/publications/the-world-factbook/fields/2119.html
,Slovakia,2017,SK,5.4458,million,6,people,count,https://www.cia.gov/library/publications/the-world-factbook/fields/2119.html
,Slovenia,2017,SI,1.97213,million,6,people,count,https://www.cia.gov/library/publications/the-world-factbook/fields/2119.html
,Solomon Islands,2017,SB,647.58,thousand,3,people,count,https://www.cia.gov/library/publications/the-world-factbook/fields/2119.html
,Somalia,2017,SO,11.0314,million,6,people,count,https://www.cia.gov/library/publications/the-world-factbook/fields/2119.html
,South Africa,2017,ZA,54.842,million,6,people,count,https://www.cia.gov/library/publications/the-world-factbook/fields/2119.html
,South Sudan,2017,SS,13.0261,million,6,people,count,https://www.cia.gov/library/publications/the-world-factbook/fields/2119.html
,Spain,2017,ES,48.958,million,6,people,count,https://www.cia.gov/library/publications/the-world-factbook/fields/2119.html
,Sri Lanka,2017,LK,22.4094,million,6,people,count,https://www.cia.gov/library/publications/the-world-factbook/fields/2119.html
,Sudan,2017,SD,37.346,million,6,people,count,https://www.cia.gov/library/publications/the-world-factbook/fields/2119.html
,Suriname,2017,SR,591.92,thousand,3,people,count,https://www.cia.gov/library/publications/the-world-factbook/fields/2119.html
,Svalbard,2017,SJ,2.583,thousand,3,people,count,https://www.cia.gov/library/publications/the-world-factbook/fields/2119.html
,Swaziland,2017,SZ,1.46715,million,6,people,count,https://www.cia.gov/library/publications/the-world-factbook/fields/2119.html
,Sweden,2017,SE,9.9605,million,6,people,count,https://www.cia.gov/library/publications/the-world-factbook/fields/2119.html
,Switzerland,2017,CH,8.2363,million,6,people,count,https://www.cia.gov/library/publications/the-world-factbook/fields/2119.html
,Syria,2017,SY,18.0285,million,6,people,count,https://www.cia.gov/library/publications/the-world-factbook/fields/2119.html
,Taiwan,2017,TW,23.5084,million,6,people,count,https://www.cia.gov/library/publications/the-world-factbook/fields/2119.html
,Tajikistan,2017,TJ,8.4686,million,6,people,count,https://www.cia.gov/library/publications/the-world-factbook/fields/2119.html
,Tanzania,2017,TZ,53.951,million,6,people,count,https://www.cia.gov/library/publications/the-world-factbook/fields/2119.html
,Thailand,2017,TH,68.414,million,6,people,count,https://www.cia.gov/library/publications/the-world-factbook/fields/2119.html
,Timor-Leste,2017,TL,1.29136,million,6,people,count,https://www.cia.gov/library/publications/the-world-factbook/fields/2119.html
,Togo,2017,TG,7.9651,million,6,people,count,https://www.cia.gov/library/publications/the-world-factbook/fields/2119.html
,Tonga,2017,TO,106.479,thousand,3,people,count,https://www.cia.gov/library/publications/the-world-factbook/fields/2119.html
,Trinidad and Tobago,2017,TT,1.21821,million,6,people,count,https://www.cia.gov/library/publications/the-world-factbook/fields/2119.html
,Tunisia,2017,TN,11.4038,million,6,people,count,https://www.cia.gov/library/publications/the-world-factbook/fields/2119.html
,Turkey,2017,TR,80.845,million,6,people,count,https://www.cia.gov/library/publications/the-world-factbook/fields/2119.html
,Turkmenistan,2017,TM,5.3513,million,6,people,count,https://www.cia.gov/library/publications/the-world-factbook/fields/2119.html
,Turks and Caicos Islands,2017,TC,52.57,thousand,3,people,count,https://www.cia.gov/library/publications/the-world-factbook/fields/2119.html
,Tuvalu,2017,TV,11.052,thousand,3,people,count,https://www.cia.gov/library/publications/the-world-factbook/fields/2119.html
,Uganda,2017,UG,39.57,million,6,people,count,https://www.cia.gov/library/publications/the-world-factbook/fields/2119.html
,Ukraine,2017,UA,44.034,million,6,people,count,https://www.cia.gov/library/publications/the-world-factbook/fields/2119.html
,United Arab Emirates,2017,AE,6.0725,million,6,people,count,https://www.cia.gov/library/publications/the-world-factbook/fields/2119.html
,United Kingdom,2017,GB,65.648,million,6,people,count,https://www.cia.gov/library/publications/the-world-factbook/fields/2119.html
,United States,2017,US,326.63,million,6,people,count,https://www.cia.gov/library/publications/the-world-factbook/fields/2119.html
,Uruguay,2017,UY,3.3601,million,6,people,count,https://www.cia.gov/library/publications/the-world-factbook/fields/2119.html
,Uzbekistan,2017,UZ,29.7489,million,6,people,count,https://www.cia.gov/library/publications/the-world-factbook/fields/2119.html
,Vanuatu,2017,VU,282.814,thousand,3,people,count,https://www.cia.gov/library/publications/the-world-factbook/fields/2119.html
,Venezuela,2017,VE,31.304,million,6,people,count,https://www.cia.gov/library/publications/the-world-factbook/fields/2119.html
,Vietnam,2017,VN,96.16,million,6,people,count,https://www.cia.gov/library/publications/the-world-factbook/fields/2119.html
,Virgin Islands,2017,VI,107.268,thousand,3,people,count,https://www.cia.gov/library/publications/the-world-factbook/fields/2119.html
,Wallis and Futuna,2017,WF,15.714,thousand,3,people,count,https://www.cia.gov/library/publications/the-world-factbook/fields/2119.html
,West Bank,2017,WB,2.74794,million,6,people,count,https://www.cia.gov/library/publications/the-world-factbook/fields/2119.html
,Western Sahara,2017,EH,603.25,thousand,3,people,count,https://www.cia.gov/library/publications/the-world-factbook/fields/2119.html
,World,2017,World,7.4051,billion,9,people,count,https://www.cia.gov/library/publications/the-world-factbook/fields/2119.html
,Yemen,2017,YE,28.0368,million,6,people,count,https://www.cia.gov/library/publications/the-world-factbook/fields/2119.html
,Zambia,2017,ZM,15.972,million,6,people,count,https://www.cia.gov/library/publications/the-world-factbook/fields/2119.html
,Zimbabwe,2017,ZW,13.8051,million,6,people,count,https://www.cia.gov/library/publications/the-world-factbook/fields/2119.html
